ID,NPS 2011,NPS 2010,NPS 2009,NPS 2008,>= 3 FPP Date,>= 10 FPP Date,>= 20 FPP Date,>= 35 FPP Date
1,10,10,10,10,6/6/2010,6/18/2010,8/17/2010,8/30/2010
2,9,10,10,,12/15/2009,1/20/2010,5/31/2010,
3,,10,10,,6/9/2010,6/9/2010,10/26/2010,
4,10,,10,,1/6/2011,1/6/2011,,
5,10,,10,,5/13/2010,5/24/2010,5/27/2010,6/1/2010
6,10,,,,8/19/2010,12/15/2010,,
7,,,9,,4/6/2010,4/6/2010,4/6/2010,
8,10,9,,,9/20/2010,10/4/2010,,
9,9,10,9,,2/19/2010,4/12/2010,5/17/2010,7/17/2010
10,9,,8,,4/26/2010,4/30/2010,5/9/2010,5/31/2010
11,,10,10,,9/14/2010,9/21/2010,9/26/2010,9/28/2010
12,8,8,,8,5/14/2010,5/24/2010,6/2/2010,9/30/2010
13,10,10,,,5/25/2010,6/1/2010,12/3/2010,
14,10,10,9,10,4/2/2010,5/28/2010,9/2/2010,
15,,6,,10,9/21/2010,10/14/2010,10/14/2010,
16,10,10,,,5/5/2010,5/17/2010,5/26/2010,
17,10,10,9,10,5/5/2010,5/28/2010,6/1/2010,
18,,10,,,5/25/2010,,,
19,10,10,10,10,3/22/2010,5/18/2010,5/25/2010,5/31/2010
20,10,,,,4/22/2010,5/7/2010,5/12/2010,5/19/2010
21,,,,,5/3/2010,5/16/2010,5/31/2010,9/22/2010
22,9,10,10,9,12/29/2009,1/16/2010,10/27/2010,
23,8,,,,9/17/2010,9/22/2010,9/23/2010,9/26/2010
24,10,10,10,9,5/13/2010,6/13/2010,9/22/2010,10/31/2010
25,,,,10,5/31/2010,9/17/2010,10/31/2010,
26,9,9,9,10,3/18/2010,3/23/2010,4/11/2010,5/24/2010
27,10,10,10,10,4/22/2010,9/21/2010,,
28,10,10,10,10,4/28/2010,5/6/2010,5/14/2010,5/26/2010
29,9,9,,,5/2/2010,5/21/2010,5/31/2010,9/28/2010
30,10,9,9,9,5/26/2010,5/31/2010,6/7/2010,9/27/2010
31,10,10,9,10,5/24/2010,6/1/2010,9/20/2010,9/30/2010
32,10,10,10,10,4/20/2010,4/23/2010,4/30/2010,5/16/2010
33,10,,9,10,6/8/2010,10/8/2010,,
34,10,,9,10,5/14/2010,6/15/2010,,
35,9,10,10,10,5/11/2010,5/31/2010,9/21/2010,10/19/2010
36,10,10,10,8,3/22/2010,6/2/2010,5/18/2010,5/26/2010
37,10,10,10,10,4/16/2010,5/23/2010,6/1/2010,9/20/2010
38,10,,,,5/17/2010,5/24/2010,6/1/2010,
39,10,10,,8,5/7/2010,6/15/2010,6/15/2010,5/19/2010
40,9,8,,8,3/13/2010,3/18/2010,3/25/2010,5/19/2010
41,9,9,6,9,9/30/2010,10/13/2010,,
42,10,10,10,10,3/3/2010,3/13/2010,4/8/2010,9/4/2010
43,,9,,,5/25/2010,5/25/2010,5/27/2010,5/29/2010
44,10,9,10,10,5/18/2010,5/19/2010,6/17/2010,
45,10,10,10,9,3/15/2010,4/19/2010,5/11/2010,6/24/2010
46,8,9,8,7,5/10/2010,5/28/2010,7/8/2010,
47,10,,,,11/6/2010,11/8/2010,11/9/2010,
48,10,10,,10,6/15/2010,6/15/2010,6/15/2010,
49,10,,,,10/18/2010,,,
50,,7,10,7,10/21/2010,11/8/2010,,
51,10,10,9,9,4/13/2010,9/6/2010,,
52,10,10,10,10,5/4/2010,5/12/2010,5/19/2010,5/26/2010
53,9,8,,,9/2/2010,9/18/2010,10/6/2010,10/25/2010
54,10,10,10,10,5/12/2010,5/12/2010,5/14/2010,5/19/2010
55,9,,,,4/25/2010,6/7/2010,6/7/2010,
56,10,,,,10/14/2010,10/31/2010,,
57,,,10,,5/31/2010,,,
58,9,10,10,,5/21/2010,5/30/2010,,
59,10,10,10,10,4/25/2010,5/23/2010,5/26/2010,6/1/2010
60,10,10,9,,4/19/2010,5/10/2010,5/25/2010,6/1/2010
61,,,9,,1/3/2011,1/3/2011,1/3/2011,1/3/2011
62,10,10,10,10,4/28/2010,5/7/2010,5/24/2010,10/14/2010
63,10,,,,10/18/2010,11/3/2010,,
64,10,,10,,2/28/2010,3/17/2010,11/5/2010,
65,10,9,10,10,9/3/2010,9/3/2010,9/4/2010,9/8/2010
66,10,,,,9/16/2009,10/8/2009,1/25/2010,8/31/2010
67,2,9,10,9,10/22/2010,10/22/2010,10/22/2010,
68,9,8,8,10,3/31/2010,4/9/2010,5/9/2010,5/21/2010
69,10,8,8,9,4/16/2010,4/16/2010,3/30/2010,4/5/2010
70,10,10,,,5/18/2010,5/26/2010,6/1/2010,6/16/2010
71,10,,,9,5/25/2010,5/25/2010,5/25/2010,5/25/2010
72,9,10,7,8,4/28/2010,4/28/2010,4/29/2010,5/2/2010
73,10,10,6,10,5/4/2010,5/28/2010,6/1/2010,
74,7,,,,5/21/2010,5/28/2010,5/31/2010,
75,10,10,10,10,4/6/2010,5/19/2010,5/31/2010,
76,10,,,,10/6/2010,10/7/2010,10/11/2010,10/13/2010
77,10,10,10,9,6/3/2010,6/3/2010,10/25/2010,
78,10,9,,10,6/7/2010,10/8/2010,,
79,10,9,10,10,5/2/2010,5/20/2010,5/28/2010,6/1/2010
80,10,9,10,9,4/14/2010,4/21/2010,5/7/2010,5/24/2010
81,10,10,10,,4/25/2010,5/3/2010,5/17/2010,6/1/2010
82,10,,10,10,5/18/2010,5/20/2010,5/28/2010,6/8/2010
83,10,10,10,10,5/26/2010,10/29/2010,,
84,9,8,10,,5/15/2010,6/1/2010,7/20/2010,2/21/2011
85,10,10,10,9,2/10/2010,3/8/2010,3/25/2010,
86,8,,,,9/21/2010,9/30/2010,2/14/2011,
87,9,9,,10,4/17/2010,5/3/2010,5/12/2010,5/20/2010
88,10,8,10,,8/3/2010,8/3/2010,8/3/2010,
89,,,,,6/1/2010,,,
90,10,6,9,10,9/5/2010,9/26/2010,10/12/2010,
91,10,6,9,10,9/15/2010,9/28/2010,10/11/2010,
92,10,10,,10,11/4/2010,11/4/2010,11/4/2010,11/4/2010
93,10,6,9,10,9/20/2010,10/4/2010,10/14/2010,2/21/2011
94,10,,9,,5/14/2010,5/31/2010,6/2/2010,10/5/2010
95,10,10,,,4/6/2010,4/13/2010,4/28/2010,5/21/2010
96,8,9,7,,5/3/2010,5/29/2010,7/10/2010,
97,9,8,7,,5/16/2010,5/28/2010,5/31/2010,1/3/2011
98,10,10,10,,5/26/2010,10/5/2010,,
99,10,,10,10,5/11/2010,5/16/2010,5/19/2010,5/25/2010
100,,,10,10,5/16/2010,5/16/2010,5/25/2010,6/1/2010
101,10,10,10,9,5/24/2010,5/27/2010,5/30/2010,6/1/2010
102,10,9,10,9,9/15/2010,10/8/2010,10/16/2010,10/26/2010
103,8,,9,9,11/30/2009,11/30/2009,,
104,9,9,9,9,1/13/2011,1/13/2011,1/13/2011,1/13/2011
105,,9,8,,5/26/2010,6/16/2010,10/11/2010,
106,10,,,,5/19/2010,5/19/2010,5/19/2010,5/21/2010
107,,,,,5/27/2010,,,
108,10,,10,,5/1/2010,5/27/2010,6/1/2010,10/17/2010
109,10,8,9,9,4/28/2010,4/19/2010,5/31/2010,
110,10,10,10,9,6/1/2010,10/12/2010,1/7/2011,
111,10,,,10,3/1/2010,5/22/2010,9/14/2010,
112,10,10,,,5/17/2010,5/27/2010,8/2/2010,10/4/2010
113,,8,9,,5/18/2010,5/31/2010,,
114,10,10,10,10,4/2/2010,7/7/2010,,
115,,,10,9,5/17/2010,6/1/2010,,
116,10,,,,6/2/2010,,,
117,10,10,10,,10/10/2010,,,
118,10,10,10,10,6/1/2010,10/3/2010,10/13/2010,
119,7,,,,5/12/2010,5/31/2010,6/2/2010,9/19/2010
120,9,,,,5/31/2010,,,
121,8,9,10,,9/20/2010,10/7/2010,,
122,10,9,10,10,9/8/2010,9/21/2010,,
123,10,10,9,10,5/30/2010,6/7/2010,7/14/2010,10/13/2010
124,10,10,,10,5/6/2010,5/28/2010,10/8/2010,
125,10,,,,9/26/2010,10/1/2010,,
126,10,,,,8/17/2010,8/30/2010,,
127,,,,10,5/27/2010,10/18/2010,,
128,10,10,10,10,5/25/2010,9/21/2010,,
129,10,,10,10,8/19/2010,8/23/2010,9/12/2010,
130,9,10,10,8,5/31/2010,6/7/2010,9/14/2010,
131,10,,,,5/28/2010,6/9/2010,,
132,,9,,,6/8/2010,,,
133,10,10,10,9,5/11/2010,5/31/2010,9/3/2010,
134,9,10,10,10,5/29/2010,7/1/2010,10/3/2010,
135,,,,,6/1/2010,6/9/2010,6/9/2010,
136,10,,,,10/21/2010,,,
137,8,8,,8,9/17/2010,,,
138,10,10,10,10,6/1/2010,5/11/2010,5/20/2010,5/25/2010
139,9,,,,9/8/2010,9/14/2010,,
140,,4,10,,6/8/2010,,,
141,9,10,10,10,9/30/2010,1/14/2011,,
142,10,8,6,8,5/4/2010,5/18/2010,6/1/2010,10/14/2010
143,10,8,10,,7/12/2010,11/14/2010,,
144,9,10,10,10,6/2/2010,9/29/2010,,
145,10,10,,,5/11/2010,5/26/2010,,
146,,,,,6/1/2010,11/18/2010,,
147,10,9,10,9,2/14/2010,2/21/2010,3/3/2010,3/26/2010
148,,,,,10/1/2010,,,
149,10,10,10,10,5/20/2010,5/14/2010,5/31/2010,
150,10,10,10,9,4/12/2010,4/26/2010,5/20/2010,6/1/2010
151,5,9,9,10,5/10/2010,5/20/2010,5/29/2010,6/1/2010
152,10,,10,,10/10/2010,11/8/2010,11/15/2010,
153,,,,,2/28/2010,5/24/2010,9/18/2010,
154,10,10,10,10,10/11/2010,,,
155,10,10,10,10,5/24/2010,6/2/2010,,
156,10,10,,,5/25/2010,6/1/2010,9/3/2010,
157,,9,9,10,5/6/2010,5/18/2010,5/25/2010,6/8/2010
158,10,10,,,5/18/2010,,,
159,10,10,9,,5/29/2010,6/1/2010,9/29/2010,
160,10,10,10,10,5/5/2010,5/26/2010,5/31/2010,9/20/2010
161,10,,,,6/8/2010,,,
162,10,,,,10/8/2010,,,
163,10,10,,9,9/9/2010,9/28/2010,10/5/2010,
164,8,,,8,9/1/2010,10/1/2010,,
165,,10,9,7,5/30/2010,6/10/2010,11/3/2010,
166,10,,10,10,9/2/2010,9/29/2010,,
167,9,9,9,9,5/17/2010,5/28/2010,5/31/2010,9/10/2010
168,10,,,,8/23/2010,,,
169,10,9,10,10,9/1/2010,9/24/2010,10/6/2010,
170,10,,,,11/9/2009,12/23/2009,1/6/2010,
171,10,10,10,10,5/26/2010,6/2/2010,9/7/2010,10/11/2010
172,9,9,,10,6/4/2010,6/4/2010,6/4/2010,6/4/2010
173,10,10,10,10,4/23/2010,5/13/2010,6/1/2010,
174,10,,,,9/19/2010,10/3/2010,,
175,9,9,9,,10/8/2010,1/6/2011,,
176,10,,,,4/30/2010,,,
177,9,,,,10/27/2010,11/3/2010,11/19/2010,
178,10,,,,8/30/2010,9/12/2010,1/26/2011,
179,10,,,,5/27/2010,,,
180,10,,10,,4/28/2010,5/20/2010,6/1/2010,
181,9,,,,10/14/2010,10/14/2010,,
182,,,,,6/4/2010,6/7/2010,,
183,10,,10,9,5/29/2010,12/8/2010,,
184,10,10,,,5/27/2010,,,
185,10,,,,11/9/2010,,,
186,10,10,10,10,3/23/2010,5/31/2010,6/30/2010,
187,,,,9,9/29/2010,10/8/2010,,
188,10,10,10,,9/16/2010,9/28/2010,,
189,10,10,10,,5/15/2010,5/29/2010,6/1/2010,
190,10,9,,,9/15/2010,9/16/2010,9/21/2010,9/29/2010
191,10,9,,,9/21/2010,10/4/2010,1/20/2011,
192,10,10,10,10,4/20/2010,3/31/2010,4/2/2010,
193,,,,,5/31/2010,,,
194,,,10,,5/11/2010,6/1/2010,9/29/2010,
195,10,,,,1/3/2011,1/3/2011,1/3/2011,1/3/2011
196,10,,,10,9/18/2010,10/14/2010,,
197,10,,,,4/13/2010,4/19/2010,,
198,10,,,,5/12/2010,5/17/2010,5/24/2010,6/1/2010
199,10,10,10,10,5/26/2010,10/12/2010,,
200,10,10,,,10/2/2010,10/4/2010,10/10/2010,10/14/2010
201,10,10,9,10,5/26/2010,5/28/2010,6/1/2010,
202,10,10,10,10,6/7/2010,,,
203,10,10,10,10,3/26/2010,4/1/2010,5/9/2010,8/4/2010
204,9,10,9,8,5/11/2010,5/21/2010,5/28/2010,6/7/2010
205,9,,,,5/19/2010,,,
206,10,10,10,10,2/13/2010,2/28/2010,5/31/2010,
207,10,10,10,8,5/31/2010,8/17/2010,,
208,9,,,,5/6/2010,4/30/2010,5/7/2010,5/16/2010
209,9,7,,,5/23/2010,5/31/2010,6/2/2010,
210,9,,,,5/12/2010,5/27/2010,5/31/2010,
211,10,10,10,10,6/1/2010,,,
212,10,9,,,10/16/2010,,,
213,10,,10,,9/27/2010,10/1/2010,,
214,,,,,9/29/2010,10/10/2010,,
215,10,,,,5/28/2010,6/4/2010,6/9/2010,7/28/2010
216,10,9,,10,5/26/2010,5/29/2010,6/2/2010,6/8/2010
217,,,,,9/15/2010,9/24/2010,9/26/2010,9/28/2010
218,10,,,9,5/20/2010,5/28/2010,10/6/2010,
219,9,10,10,7,5/20/2010,10/10/2010,,
220,10,8,,,,,,
221,,,,,9/24/2010,10/6/2010,10/11/2010,10/18/2010
222,,,,,9/27/2010,,,
223,10,,,,9/30/2010,10/13/2010,10/19/2010,
224,9,,,,1/11/2011,1/11/2011,,
225,10,10,10,,12/14/2010,12/14/2010,12/14/2010,
226,9,,,,9/28/2010,10/12/2010,10/15/2010,2/8/2011
227,10,10,10,10,5/14/2010,10/1/2010,,
228,,,,,12/8/2010,12/8/2010,12/8/2010,12/8/2010
229,10,,,10,11/16/2010,11/18/2010,11/22/2010,
230,10,10,10,10,5/21/2010,5/30/2010,9/8/2010,
231,10,10,10,10,4/27/2010,5/5/2010,5/14/2010,5/26/2010
232,10,,,,11/10/2010,11/19/2010,12/1/2010,
233,10,,10,,6/3/2010,5/26/2010,6/3/2010,6/2/2010
234,7,,,,5/27/2010,5/27/2010,5/20/2010,8/26/2010
235,10,10,10,10,5/11/2010,5/27/2010,6/2/2010,
236,10,10,10,10,4/13/2010,5/18/2010,5/25/2010,5/27/2010
237,10,,,,5/4/2010,5/20/2010,7/12/2010,
238,9,9,10,10,5/14/2010,5/14/2010,5/24/2010,5/27/2010
239,10,,,,5/27/2010,6/7/2010,2/8/2011,
240,10,,,,6/14/2010,6/16/2010,10/23/2010,
241,9,,10,10,4/6/2010,4/29/2010,,
242,10,,9,,5/22/2010,6/1/2010,,
243,10,,10,,5/14/2010,5/21/2010,5/31/2010,
244,,8,10,,5/26/2010,6/1/2010,,
245,10,10,8,10,8/27/2010,10/1/2010,,
246,,,10,,10/16/2010,10/29/2010,2/10/2011,
247,10,,,,10/25/2010,11/8/2010,,
248,9,9,9,,5/13/2010,6/8/2010,10/1/2010,
249,10,10,10,10,4/21/2010,5/21/2010,6/1/2010,
250,10,10,10,10,4/30/2010,5/21/2010,5/28/2010,6/6/2010
251,10,,,,6/28/2010,7/15/2010,9/22/2010,
252,10,10,10,10,5/21/2010,5/30/2010,,
253,8,9,4,9,4/24/2010,5/20/2010,5/27/2010,
254,10,10,10,10,4/14/2010,4/27/2010,5/24/2010,6/8/2010
255,,,,,5/13/2010,5/31/2010,,
256,6,,7,,5/11/2010,5/13/2010,5/14/2010,8/7/2010
257,10,,,,5/21/2010,,,
258,10,10,10,,5/5/2010,5/5/2010,5/7/2010,5/29/2010
259,6,8,9,9,4/19/2010,5/3/2010,5/28/2010,8/23/2010
260,10,9,10,10,5/11/2010,5/29/2010,9/28/2010,
261,10,10,9,10,5/9/2010,5/30/2010,6/13/2010,9/21/2010
262,10,7,,8,5/24/2010,6/1/2010,,
263,10,10,10,10,5/24/2010,5/24/2010,5/24/2010,5/24/2010
264,10,,,,10/16/2010,1/14/2011,,
265,,,8,,11/20/2010,,,
266,10,,,,10/5/2010,10/13/2010,10/15/2010,
267,10,8,10,10,9/27/2010,10/21/2010,10/21/2010,
268,9,,,,3/9/2010,4/19/2010,,
269,10,,,,4/4/2010,4/18/2010,4/21/2010,4/23/2010
270,10,,10,,10/19/2010,10/20/2010,,
271,10,10,9,9,4/23/2010,4/27/2010,5/10/2010,5/21/2010
272,,,,,12/13/2010,12/13/2010,12/13/2010,12/17/2010
273,,,,,9/29/2010,10/4/2010,,
274,10,,,,6/4/2010,6/8/2010,9/13/2010,
275,10,,,,5/20/2010,6/1/2010,1/2/2011,
276,10,,9,,6/1/2010,,,
277,9,,,,6/11/2010,,,
278,8,,9,,4/25/2010,5/23/2010,,
279,10,,,,6/9/2010,6/9/2010,,
280,9,8,,,4/20/2010,4/27/2010,5/15/2010,6/3/2010
281,10,,,,3/10/2010,3/29/2010,4/15/2010,
282,10,,,,5/28/2010,9/30/2010,,
283,10,,,,4/29/2010,7/27/2010,,
284,10,,,,9/29/2010,,,
285,10,,,,10/30/2010,,,
286,,,,,11/2/2010,,,
287,10,10,,10,5/21/2010,5/31/2010,,
288,10,10,,,10/7/2010,10/12/2010,10/21/2010,1/12/2011
289,9,9,9,8,2/11/2011,2/11/2011,2/11/2011,
290,10,10,,,10/14/2010,11/1/2010,,
291,10,9,,,5/17/2010,8/30/2010,,
292,10,,,,5/26/2010,6/2/2010,10/10/2010,
293,,10,,10,5/24/2010,9/3/2010,,
294,10,,,,5/31/2010,10/13/2010,,
295,10,,10,,4/25/2010,5/3/2010,6/3/2010,
296,10,10,10,10,5/18/2010,5/27/2010,6/1/2010,10/4/2010
297,,10,9,10,5/25/2010,,,
298,9,8,8,7,10/18/2010,10/25/2010,,
299,9,9,10,,8/6/2010,10/21/2010,,
300,8,,,,5/26/2010,,,
301,,,9,9,1/13/2011,,,
302,9,,,,6/9/2009,9/14/2009,9/29/2009,10/8/2010
303,9,,,,6/1/2010,10/13/2010,,
304,10,10,10,10,6/28/2010,,,
305,9,,,,6/7/2010,6/10/2010,6/30/2010,
306,,,,,10/19/2010,,,
307,9,,,,12/15/2010,12/17/2010,,
308,8,,,,10/25/2010,10/27/2010,10/31/2010,
309,10,8,,,11/30/2010,,,
310,10,10,10,10,4/12/2010,5/10/2010,5/26/2010,5/31/2010
311,,7,10,10,3/7/2010,6/1/2010,10/1/2010,
312,10,,10,10,9/25/2010,9/29/2010,10/8/2010,10/10/2010
313,10,9,10,10,6/19/2010,9/5/2010,9/13/2010,9/17/2010
314,10,10,10,9,6/22/2010,10/19/2010,2/7/2011,
315,,,,,9/24/2010,,,
316,10,,8,,5/3/2010,5/11/2010,9/22/2010,
317,9,9,10,,5/19/2010,5/25/2010,,
318,10,10,10,10,5/5/2010,5/5/2010,5/9/2010,5/16/2010
319,10,,,,4/13/2010,6/4/2010,,
320,10,,,,4/21/2010,4/23/2010,4/26/2010,
321,9,10,9,9,1/19/2011,1/19/2011,1/19/2011,1/19/2011
322,10,10,9,10,9/1/2010,9/1/2010,9/1/2010,9/1/2010
323,10,,,,11/24/2010,11/24/2010,11/24/2010,
324,,,10,,5/14/2010,5/21/2010,6/1/2010,10/9/2010
325,,,10,,9/16/2010,9/16/2010,9/16/2010,10/15/2010
326,,,10,,9/16/2010,9/16/2010,9/25/2010,10/15/2010
327,,,10,,9/16/2010,9/16/2010,9/16/2010,11/22/2010
328,10,10,9,10,4/13/2010,4/23/2010,4/27/2010,5/19/2010
329,10,10,9,,3/26/2010,4/23/2010,5/3/2010,5/24/2010
330,10,10,,10,5/31/2010,6/2/2010,6/4/2010,6/7/2010
331,10,10,10,,6/1/2010,6/7/2010,9/20/2010,12/28/2010
332,10,10,10,10,3/26/2010,5/18/2010,9/27/2010,10/22/2010
333,4,,,,10/11/2010,10/19/2010,10/26/2010,11/1/2010
334,10,10,10,10,5/5/2010,5/14/2010,5/31/2010,10/18/2010
335,9,,,10,5/11/2010,5/24/2010,6/3/2010,
336,10,,9,,4/20/2010,5/25/2010,5/31/2010,
337,10,10,10,10,5/2/2010,5/31/2010,10/25/2010,
338,10,,,,4/29/2010,5/16/2010,5/27/2010,
339,,,,,11/9/2010,11/15/2010,11/22/2010,1/20/2011
340,9,10,9,8,10/12/2010,10/12/2010,10/12/2010,10/12/2010
341,10,10,10,10,5/6/2010,5/13/2010,5/30/2010,6/13/2010
342,10,9,9,10,5/5/2010,5/6/2010,5/26/2010,6/2/2010
343,10,10,10,,9/21/2010,10/8/2010,,
344,10,,10,,2/9/2010,,,
345,,9,9,,11/22/2010,11/28/2010,12/3/2010,12/8/2010
346,10,,,,10/12/2010,10/20/2010,10/27/2010,10/29/2010
347,10,9,10,10,5/5/2010,6/1/2010,,
348,10,10,9,10,5/11/2010,9/15/2010,10/16/2010,
349,9,8,10,9,6/11/2010,9/25/2010,9/30/2010,3/22/2011
350,10,,,,11/18/2010,11/23/2010,12/1/2010,1/20/2011
351,10,10,10,10,5/17/2010,5/24/2010,5/31/2010,9/24/2010
352,10,,,,5/7/2010,5/7/2010,10/20/2010,
353,10,,10,,4/28/2010,5/28/2010,10/1/2010,
354,10,,,,9/16/2010,10/19/2010,10/29/2010,
355,9,8,8,9,5/9/2010,5/27/2010,5/31/2010,9/16/2010
356,,,10,10,5/24/2010,5/28/2010,6/1/2010,10/3/2010
357,10,10,,10,5/12/2010,5/27/2010,6/3/2010,
358,9,9,,,5/17/2010,5/31/2010,6/8/2010,
359,10,10,10,9,3/23/2010,3/26/2010,4/8/2010,
360,10,10,10,9,4/24/2010,4/24/2010,4/24/2010,4/22/2010
361,10,10,,10,4/23/2010,4/30/2010,9/23/2010,
362,10,,8,,4/15/2010,4/16/2010,4/22/2010,4/25/2010
363,10,,,,4/19/2010,4/19/2010,4/29/2010,
364,10,,10,,10/13/2010,,,
365,10,10,10,10,6/4/2010,9/26/2010,10/10/2010,
366,8,8,,8,11/6/2010,,,
367,,,,10,5/27/2010,6/1/2010,,
368,10,,,,5/6/2010,5/14/2010,,
369,10,10,,,9/14/2010,10/1/2010,,
370,10,,10,,10/9/2010,,,
371,9,,9,,5/10/2010,5/26/2010,5/31/2010,
372,10,10,10,10,5/6/2010,5/25/2010,9/10/2010,11/5/2010
373,10,,10,,3/5/2010,3/12/2010,5/16/2010,9/24/2010
374,8,8,,,5/27/2010,11/1/2010,,
375,,10,10,10,5/10/2010,5/24/2010,6/1/2010,9/9/2010
376,,9,9,8,5/28/2010,,,
377,4,,,,3/8/2010,,,
378,,9,10,10,5/6/2010,5/29/2010,,
379,,,9,9,5/19/2010,5/24/2010,5/25/2010,8/10/2010
380,10,,,,6/7/2010,5/11/2010,5/30/2010,
381,10,9,10,9,5/20/2010,,,
382,9,10,10,10,8/17/2010,8/30/2010,9/15/2010,9/30/2010
383,10,10,10,10,6/1/2010,6/7/2010,6/9/2010,
384,,,,,11/9/2010,,,
385,9,10,10,,5/29/2010,6/1/2010,,
386,8,,,,5/4/2010,5/14/2010,7/9/2010,
387,9,9,8,10,2/17/2010,5/13/2010,2/18/2010,2/19/2010
388,,,10,,3/19/2010,4/1/2010,4/12/2010,5/21/2010
389,10,10,5,,5/14/2010,5/23/2010,5/27/2010,6/1/2010
390,9,,,,9/30/2010,10/4/2010,10/10/2010,2/4/2011
391,,,,,5/24/2010,,,
392,10,,,,5/26/2010,9/4/2010,,
393,,10,10,8,11/24/2010,12/2/2010,12/7/2010,12/11/2010
394,7,9,8,9,10/4/2010,,,
395,10,10,10,10,5/21/2010,5/28/2010,6/1/2010,
396,9,9,10,10,5/27/2010,6/1/2010,9/23/2010,10/20/2010
397,5,,,,5/13/2010,6/1/2010,,
398,,,,,4/9/2010,4/20/2010,,
399,10,10,10,10,5/20/2010,5/30/2010,9/27/2010,10/26/2010
400,10,,10,,5/3/2010,5/13/2010,5/26/2010,6/1/2010
401,,,10,9,10/8/2010,10/8/2010,10/8/2010,10/8/2010
402,,10,,9,5/10/2010,5/17/2010,5/19/2010,5/24/2010
403,8,10,10,,10/2/2010,10/14/2010,10/19/2010,10/25/2010
404,,10,10,10,6/9/2010,10/23/2010,,
405,10,9,9,9,8/27/2010,9/5/2010,9/24/2010,10/12/2010
406,10,8,8,9,5/17/2010,5/20/2010,6/1/2010,8/31/2010
407,,,,,5/28/2010,,,
408,7,,,,2/25/2010,3/26/2010,2/2/2011,
409,9,9,,10,11/1/2010,,,
410,10,10,10,10,4/20/2010,6/4/2010,9/30/2010,
411,10,10,10,10,5/25/2010,5/28/2010,6/1/2010,
412,9,,9,10,3/26/2010,9/8/2010,10/10/2010,
413,,9,,,5/24/2010,6/2/2010,,
414,8,8,,,3/3/2010,3/7/2010,6/1/2010,9/24/2010
415,8,8,,,9/3/2010,9/8/2010,9/23/2010,
416,10,,,,4/26/2010,5/7/2010,5/31/2010,
417,9,,,10,6/1/2010,6/7/2010,10/13/2010,
418,10,,,,9/27/2010,9/30/2010,10/6/2010,
419,,,,,3/14/2010,5/12/2010,,
420,10,,,,5/25/2010,5/31/2010,,
421,10,10,10,9,5/27/2010,5/31/2010,6/1/2010,6/7/2010
422,9,,,,9/30/2010,,,
423,,7,,,10/6/2010,,,
424,10,10,10,10,5/22/2010,5/27/2010,6/1/2010,
425,,9,6,,5/25/2010,6/8/2010,9/21/2010,10/3/2010
426,8,,,,5/20/2010,5/29/2010,,
427,10,,,,9/30/2010,10/13/2010,,
428,10,10,,10,1/5/2011,1/5/2011,1/5/2011,1/28/2011
429,,,9,,4/9/2010,5/1/2010,5/31/2010,9/28/2010
430,8,,10,,4/26/2010,4/27/2010,4/28/2010,5/24/2010
431,9,,7,,4/9/2010,5/31/2010,,
432,9,10,10,9,6/13/2010,6/13/2010,5/13/2010,5/29/2010
433,10,,,,9/17/2010,,,
434,,,,,10/5/2010,10/7/2010,10/10/2010,10/11/2010
435,8,,,,6/7/2010,6/8/2010,,
436,10,10,10,10,5/28/2010,5/31/2010,6/1/2010,6/22/2010
437,,,,,11/8/2010,,,
438,9,,,,10/23/2010,11/15/2010,11/15/2010,
439,8,,,,1/24/2011,2/1/2011,2/1/2011,5/5/2011
440,9,10,,8,5/16/2010,5/21/2010,5/25/2010,5/27/2010
441,8,,10,,11/2/2009,4/12/2010,,
442,,,,,5/20/2010,10/22/2010,,
443,10,,,,10/28/2010,11/15/2010,,
444,10,,,,10/6/2010,10/20/2010,11/5/2010,
445,10,10,9,10,5/6/2010,5/20/2010,5/26/2010,5/27/2010
446,10,,,,9/30/2010,10/1/2010,10/5/2010,10/6/2010
447,10,10,8,9,11/22/2010,11/29/2010,11/30/2010,12/6/2010
448,10,,10,10,5/30/2010,6/10/2010,10/22/2010,
449,,,,,6/4/2010,9/7/2010,10/8/2010,
450,9,10,7,9,5/30/2010,9/30/2010,3/22/2011,
451,10,10,,,6/8/2010,,,
452,10,10,10,10,9/25/2010,9/29/2010,10/4/2010,10/11/2010
453,10,,,,8/18/2010,8/20/2010,8/26/2010,8/29/2010
454,9,,9,9,5/16/2010,5/28/2010,6/1/2010,10/11/2010
455,10,10,10,10,5/26/2010,9/17/2010,11/1/2010,
456,9,9,9,9,5/31/2010,8/28/2010,9/18/2010,10/5/2010
457,10,,,10,5/23/2010,5/31/2010,6/8/2010,
458,10,10,10,9,7/2/2010,10/1/2010,2/18/2011,
459,10,9,,,5/19/2010,5/31/2010,6/1/2010,
460,10,10,8,8,5/19/2010,5/25/2010,5/28/2010,6/1/2010
461,9,9,10,9,5/26/2010,6/1/2010,7/19/2010,
462,10,10,10,9,4/20/2010,4/20/2010,4/20/2010,4/21/2010
463,10,10,10,10,5/18/2010,12/3/2010,,
464,,,,,5/21/2010,5/26/2010,10/19/2010,
465,10,10,,9,9/30/2010,,,
466,,,,10,10/28/2010,,,
467,10,,,,9/20/2010,10/18/2010,,
468,9,10,9,9,5/13/2010,5/30/2010,9/15/2010,10/5/2010
469,,,9,,5/27/2010,10/4/2010,10/9/2010,
470,8,,,,5/10/2010,5/19/2010,,
471,,,,,6/21/2010,9/21/2010,,
472,10,,,,4/28/2010,5/3/2010,,
473,10,9,10,10,5/28/2010,9/27/2010,2/10/2011,
474,10,10,10,10,10/28/2010,,,
475,8,,10,8,4/21/2010,5/6/2010,5/29/2010,
476,9,10,8,,5/6/2010,5/31/2010,,
477,9,10,,,6/2/2010,,,
478,10,9,,,5/31/2010,,,
479,10,,10,,4/2/2010,,,
480,10,6,,,9/30/2010,11/1/2010,,
481,8,,,,10/5/2010,10/17/2010,,
482,10,10,10,10,5/20/2010,5/28/2010,6/1/2010,6/14/2010
483,,,8,10,4/19/2010,5/31/2010,9/20/2010,11/15/2010
484,9,10,,,5/7/2010,5/11/2010,5/27/2010,
485,,10,10,10,5/23/2010,6/1/2010,9/28/2010,
486,10,10,10,10,5/3/2010,5/28/2010,6/14/2010,
487,10,,,,2/16/2010,3/2/2010,,
488,8,,8,8,5/18/2010,5/21/2010,5/27/2010,6/1/2010
489,,10,8,6,9/20/2010,9/20/2010,9/20/2010,
490,10,10,10,,5/27/2010,6/1/2010,6/2/2010,
491,9,9,,9,9/22/2010,10/14/2010,10/27/2010,
492,9,,8,10,5/12/2010,5/28/2010,9/30/2010,
493,10,,,,10/27/2010,10/27/2010,,
494,8,,,,1/31/2011,1/31/2011,1/31/2011,2/22/2011
495,10,9,,,9/13/2010,10/6/2010,,
496,10,,10,,5/19/2010,8/7/2010,,
497,10,10,,,5/12/2010,,,
498,10,10,9,9,5/26/2010,11/15/2010,,
499,9,10,8,10,6/4/2010,10/26/2010,11/22/2010,
500,8,,,,5/26/2010,6/1/2010,6/2/2010,9/17/2010
501,10,8,,,5/30/2010,6/8/2010,,
502,,10,,,5/31/2010,10/1/2010,2/7/2011,
503,8,8,8,7,10/2/2010,10/8/2010,10/17/2010,
504,,,,,5/13/2010,5/16/2010,,
505,6,,,,10/23/2010,11/2/2010,11/8/2010,
506,10,10,10,10,9/16/2010,10/22/2010,,
507,10,10,10,,5/24/2010,6/2/2010,6/8/2010,
508,9,,9,,2/25/2010,5/5/2010,,
509,10,9,,10,5/27/2010,6/1/2010,6/7/2010,
510,10,,10,,5/21/2010,5/26/2010,6/1/2010,9/28/2010
511,10,,,,5/13/2010,10/26/2010,,
512,10,10,,9,5/27/2010,6/1/2010,2/2/2011,
513,7,,8,,5/17/2010,5/31/2010,6/1/2010,
514,,10,10,10,10/6/2010,10/29/2010,,
515,10,10,7,10,5/18/2010,5/25/2010,5/29/2010,6/9/2010
516,10,10,,10,9/1/2010,9/9/2010,9/10/2010,9/10/2010
517,8,,,,9/27/2010,10/6/2010,,
518,10,9,,10,11/10/2010,11/12/2010,11/14/2010,11/15/2010
519,6,9,,9,5/31/2010,11/8/2010,,
520,,10,10,,3/22/2010,4/9/2010,4/23/2010,4/28/2010
521,,,,,4/27/2010,3/11/2011,,
522,9,9,,,6/3/2010,10/18/2010,,
523,10,10,10,10,5/22/2010,5/31/2010,6/1/2010,
524,,,,,5/29/2010,6/10/2010,,
525,8,,,,3/26/2010,,,
526,10,10,,,6/15/2010,10/6/2010,,
527,10,,10,10,5/25/2010,6/1/2010,,
528,,,,,5/8/2010,6/1/2010,,
529,10,10,10,10,8/3/2010,10/25/2010,,
530,10,10,,,9/24/2010,,,
531,10,10,,,5/18/2010,5/30/2010,6/1/2010,10/5/2010
532,10,10,10,10,6/16/2010,10/2/2010,,
533,10,10,,,9/17/2010,9/18/2010,10/1/2010,
534,10,,8,,5/31/2010,6/11/2010,6/11/2010,6/11/2010
535,7,7,8,,9/22/2010,10/7/2010,10/9/2010,
536,,,,,6/4/2010,9/30/2010,,
537,10,10,,,5/27/2010,10/24/2010,,
538,10,10,10,10,5/27/2010,6/2/2010,10/2/2010,10/15/2010
539,9,,,10,5/14/2010,5/24/2010,,
540,10,,10,,5/25/2010,10/18/2010,,
541,10,,,,5/24/2010,5/27/2010,6/1/2010,6/9/2010
542,,9,,,5/27/2010,6/13/2010,10/7/2010,11/30/2010
543,10,,,,5/17/2010,,,
544,,10,,,10/3/2010,,,
545,8,10,10,8,9/16/2010,9/16/2010,9/16/2010,9/16/2010
546,10,10,10,,11/17/2010,11/17/2010,12/17/2010,
547,9,10,10,10,5/27/2010,6/1/2010,10/12/2010,
548,,10,8,6,5/28/2010,6/6/2010,6/8/2010,
549,9,,,,9/21/2010,9/29/2010,9/30/2010,
550,,10,,,6/1/2010,6/2/2010,6/4/2010,
551,,,10,10,6/7/2010,2/22/2011,,
552,8,9,,10,6/2/2010,6/5/2010,6/9/2010,9/8/2010
553,10,,10,,5/14/2010,5/30/2010,,
554,10,10,9,10,3/28/2010,4/8/2010,5/3/2010,5/19/2010
555,8,,,,10/6/2010,1/28/2011,,
556,,,,,5/28/2010,6/9/2010,,
557,10,,8,8,10/29/2010,,,
558,,,,,10/25/2010,,,
559,10,10,10,9,10/3/2010,10/8/2010,10/13/2010,10/19/2010
560,,8,,,7/13/2010,10/14/2010,,
561,10,10,9,9,9/26/2010,10/4/2010,10/7/2010,10/15/2010
562,,,,,10/1/2010,,,
563,10,,,9,2/19/2010,2/28/2010,3/8/2010,
564,,9,8,8,6/2/2010,6/7/2010,9/26/2010,10/6/2010
565,8,,,,9/1/2010,9/24/2010,9/30/2010,3/24/2011
566,10,,,,10/27/2010,11/1/2010,11/3/2010,11/7/2010
567,8,,,,4/5/2010,4/28/2010,5/11/2010,5/13/2010
568,9,,,,11/19/2010,11/30/2010,12/9/2010,3/31/2011
569,10,10,,10,1/19/2011,1/19/2011,1/21/2011,2/4/2011
570,,,10,,12/21/2010,12/21/2010,12/21/2010,12/21/2010
571,9,10,10,10,5/21/2010,5/31/2010,9/28/2010,10/13/2010
572,10,9,8,9,9/26/2010,10/10/2010,10/18/2010,10/20/2010
573,10,9,9,,10/12/2010,10/15/2010,,
574,9,10,7,10,5/14/2010,5/19/2010,5/24/2010,5/29/2010
575,6,,,,11/13/2010,11/18/2010,11/20/2010,11/23/2010
576,10,,,,9/29/2010,3/9/2011,,
577,10,10,8,,10/3/2010,10/8/2010,10/12/2010,10/15/2010
578,,,,,10/29/2010,,,
579,,,,10,9/20/2010,9/28/2010,10/11/2010,10/13/2010
580,10,,10,,10/21/2010,12/6/2010,,
581,,,,,6/14/2010,6/16/2010,6/24/2010,
582,9,,10,10,3/1/2010,4/2/2010,5/10/2010,5/28/2010
583,8,,,,12/16/2010,12/16/2010,12/16/2010,
584,9,10,10,10,4/19/2010,5/28/2010,8/25/2010,
585,10,10,10,,9/7/2010,9/7/2010,9/7/2010,
586,9,9,10,,5/27/2010,5/29/2010,6/2/2010,
587,10,,,,5/26/2010,9/30/2010,,
588,8,10,9,10,4/14/2010,5/23/2010,5/31/2010,8/13/2010
589,10,10,10,10,4/20/2010,4/21/2010,4/27/2010,4/30/2010
590,10,8,10,10,5/23/2010,5/27/2010,6/1/2010,6/22/2010
591,9,9,8,10,6/2/2010,10/11/2010,10/15/2010,
592,10,8,10,,3/22/2010,5/27/2010,9/24/2010,10/11/2010
593,,9,,,6/6/2010,10/16/2010,,
594,,9,9,9,5/20/2010,5/25/2010,5/28/2010,6/1/2010
595,9,10,,,10/13/2010,10/22/2010,,
596,,,,,6/4/2010,6/7/2010,11/8/2010,
597,,10,10,10,11/12/2010,11/20/2010,11/30/2010,11/30/2010
598,10,10,10,10,5/16/2010,5/24/2010,5/29/2010,6/1/2010
599,,8,9,,9/16/2010,,,
600,10,10,9,10,5/20/2010,5/21/2010,5/28/2010,9/16/2010
601,10,,,,11/13/2010,,,
602,10,10,10,10,4/5/2010,5/14/2010,5/31/2010,6/7/2010
603,7,10,,,5/20/2010,5/31/2010,6/2/2010,9/23/2010
604,,,10,10,5/23/2010,6/1/2010,10/26/2010,1/24/2011
605,9,9,10,10,6/3/2010,6/11/2010,6/15/2010,6/18/2010
606,9,,9,,5/28/2010,6/6/2010,,
607,10,10,,10,9/23/2010,,,
608,10,,8,,5/24/2010,5/29/2010,6/1/2010,9/17/2010
609,10,10,10,10,4/26/2010,6/6/2010,,
610,10,10,10,10,2/2/2010,4/2/2010,4/8/2010,
611,10,10,7,9,5/30/2010,6/3/2010,,
612,10,,10,,5/7/2010,5/31/2010,9/20/2010,
613,,,8,,12/3/2010,12/10/2010,12/10/2010,12/10/2010
614,,,,9,7/14/2010,7/19/2010,7/23/2010,8/16/2010
615,,10,10,10,6/8/2010,6/12/2010,6/21/2010,9/30/2010
616,5,,,1,6/12/2010,9/21/2010,,
617,9,10,8,,5/21/2010,5/30/2010,7/8/2010,10/28/2010
618,10,10,10,10,3/30/2010,5/25/2010,10/11/2010,
619,,10,10,10,5/26/2010,8/23/2010,,
620,9,9,9,10,10/6/2010,10/12/2010,10/18/2010,
621,,10,10,10,5/28/2010,6/4/2010,7/16/2010,10/6/2010
622,,10,,10,6/4/2010,,,
623,10,10,9,9,9/28/2010,10/4/2010,10/7/2010,10/13/2010
624,9,,,,4/28/2010,6/9/2010,,
625,10,7,10,10,4/13/2010,5/2/2010,5/23/2010,8/24/2010
626,,10,9,10,5/28/2010,12/5/2010,,
627,,9,9,,6/2/2010,10/7/2010,1/10/2011,
628,,10,10,10,6/1/2010,6/1/2010,10/7/2010,
629,10,,10,,4/21/2010,6/16/2010,10/15/2010,
630,9,,9,,5/27/2010,5/28/2010,5/31/2010,
631,,9,,10,6/9/2010,,,
632,,,,,5/20/2010,5/20/2010,5/28/2010,
633,,9,8,8,3/30/2010,5/11/2010,5/31/2010,6/21/2010
634,9,10,9,10,5/18/2010,9/30/2010,,
635,10,,,,10/4/2010,3/22/2011,,
636,10,,10,,10/5/2009,10/22/2009,3/27/2010,
637,9,9,9,8,5/24/2010,6/1/2010,10/9/2010,
638,10,10,,10,4/21/2010,5/11/2010,5/24/2010,5/31/2010
639,9,9,10,10,5/27/2010,6/15/2010,1/21/2011,
640,10,,,,5/5/2010,5/31/2010,2/28/2011,
641,,,,,6/9/2010,11/10/2010,3/23/2011,
642,,,,,4/30/2010,3/22/2011,,
643,9,9,,9,10/15/2010,10/17/2010,10/18/2010,10/21/2010
644,10,,,,10/27/2010,,,
645,9,10,,9,5/10/2010,6/1/2010,,
646,10,10,10,10,4/15/2010,5/25/2010,5/31/2010,2/16/2011
647,10,10,10,,5/27/2010,6/2/2010,,
648,10,8,10,10,9/30/2010,9/30/2010,9/30/2010,10/20/2010
649,,,,,5/17/2010,5/26/2010,5/31/2010,10/9/2010
650,10,9,,,6/2/2010,7/7/2010,,
651,,,,,6/9/2010,6/10/2010,,
652,10,10,10,,8/16/2010,10/30/2010,,
653,,,9,10,2/11/2011,2/11/2011,2/11/2011,2/11/2011
654,,10,,,5/7/2010,5/22/2010,5/27/2010,6/2/2010
655,9,10,9,,8/13/2010,8/13/2010,8/13/2010,8/13/2010
656,8,,,,3/31/2010,5/24/2010,,
657,10,,8,10,10/2/2010,10/12/2010,10/18/2010,
658,10,,,,11/11/2010,12/10/2010,,
659,9,9,,10,6/3/2010,6/3/2010,6/3/2010,
660,,,,,10/14/2010,10/14/2010,10/14/2010,10/14/2010
661,8,10,9,10,10/5/2010,12/21/2010,,
662,,,,,10/15/2010,,,
663,,10,9,7,10/22/2010,,,
664,10,,,,11/8/2010,,,
665,10,10,10,9,5/14/2010,5/25/2010,5/31/2010,10/14/2010
666,,,,9,5/17/2010,5/28/2010,8/30/2010,
667,,,10,,5/25/2010,6/7/2010,10/26/2010,
668,8,8,9,7,11/9/2010,11/9/2010,11/9/2010,11/9/2010
669,8,8,9,9,5/12/2010,5/25/2010,6/8/2010,
670,,9,,,6/13/2010,6/24/2010,9/3/2010,9/24/2010
671,,,,,5/28/2010,5/28/2010,5/28/2010,5/28/2010
672,10,8,9,,5/31/2010,6/3/2010,6/8/2010,
673,9,8,,,4/9/2010,4/14/2010,4/16/2010,5/5/2010
674,,,,,11/3/2010,11/9/2010,11/15/2010,11/18/2010
675,,10,,10,5/18/2010,5/20/2010,5/26/2010,6/1/2010
676,,10,10,,9/11/2010,9/14/2010,10/5/2010,
677,10,9,9,9,10/25/2010,10/25/2010,10/25/2010,
678,10,9,9,9,10/12/2010,10/12/2010,10/12/2010,10/12/2010
679,,10,10,10,2/16/2011,2/16/2011,2/16/2011,2/16/2011
680,,10,,10,9/30/2010,10/12/2010,10/15/2010,10/27/2010
681,9,8,10,9,7/1/2010,9/3/2010,9/15/2010,
682,10,10,10,10,5/30/2010,3/6/2011,,
683,8,9,,10,5/12/2010,5/18/2010,5/23/2010,5/27/2010
684,10,,,10,4/20/2010,4/26/2010,7/2/2010,
685,,,10,,1/13/2011,1/13/2011,,
686,10,7,9,10,11/22/2010,,,
687,8,8,9,10,5/21/2010,8/29/2010,9/16/2010,4/12/2011
688,2,9,10,9,1/7/2011,1/7/2011,1/7/2011,1/7/2011
689,,7,,7,6/9/2010,6/21/2010,10/19/2010,2/22/2011
690,,,,,12/14/2010,12/14/2010,12/14/2010,12/14/2010
691,9,10,9,10,6/15/2010,9/22/2010,10/28/2010,
692,,9,10,10,3/12/2010,4/7/2010,5/5/2010,5/25/2010
693,10,10,10,10,5/3/2010,5/31/2010,6/1/2010,10/15/2010
694,,10,10,10,5/3/2010,5/3/2010,5/5/2010,
695,9,,,,10/11/2010,11/1/2010,,
696,9,9,,,8/15/2010,10/28/2010,,
697,9,10,,,5/13/2010,5/19/2010,5/25/2010,5/29/2010
698,8,10,,,5/10/2010,5/18/2010,5/31/2010,6/7/2010
699,,10,10,,4/30/2010,5/9/2010,5/18/2010,5/26/2010
700,9,,,,9/30/2010,10/14/2010,10/26/2010,
701,8,10,10,,9/30/2010,10/8/2010,10/25/2010,11/8/2010
702,10,10,10,4,11/1/2010,11/12/2010,,
703,,,,,9/30/2010,10/2/2010,11/2/2010,
704,8,9,9,8,9/12/2010,,,
705,,,,,4/15/2010,9/29/2010,,
706,10,10,,10,5/9/2010,5/28/2010,6/1/2010,6/4/2010
707,8,,,9,5/6/2010,5/21/2010,5/27/2010,6/2/2010
708,10,10,10,10,5/19/2010,5/25/2010,5/31/2010,12/8/2010
709,10,10,10,8,9/15/2010,9/21/2010,,
710,,10,10,10,5/20/2010,5/25/2010,6/1/2010,10/28/2010
711,,10,9,10,5/16/2010,6/1/2010,9/13/2010,10/6/2010
712,,10,10,10,5/24/2010,6/1/2010,,
713,,6,10,10,5/4/2010,5/19/2010,5/25/2010,6/1/2010
714,,10,8,10,5/11/2010,5/23/2010,5/27/2010,6/2/2010
715,9,,,,12/4/2009,12/22/2009,,
716,10,10,10,10,5/27/2010,6/1/2010,6/1/2010,6/8/2010
717,9,9,8,9,5/5/2010,5/9/2010,5/28/2010,9/16/2010
718,9,8,10,9,5/5/2010,5/25/2010,5/28/2010,6/1/2010
719,,10,10,,6/7/2010,6/27/2010,10/6/2010,3/21/2011
720,10,,10,,10/8/2009,3/15/2010,4/12/2010,
721,10,10,7,,1/5/2011,1/5/2011,1/5/2011,1/6/2011
722,,10,6,7,11/10/2010,11/14/2010,11/19/2010,12/1/2010
723,3,,,,11/23/2010,12/2/2010,12/8/2010,12/9/2010
724,,,,,10/31/2010,11/11/2010,11/17/2010,
725,10,,,,2/19/2010,10/3/2010,,
726,9,10,7,5,4/23/2010,4/27/2010,5/12/2010,
727,,,,,3/17/2010,3/17/2010,3/17/2010,
728,10,,10,10,5/25/2010,5/31/2010,6/8/2010,11/8/2010
729,,10,10,10,5/27/2010,5/31/2010,6/2/2010,12/6/2010
730,,,,,6/9/2010,9/30/2010,,
731,,9,9,10,12/3/2010,12/3/2010,12/21/2010,
732,8,,,9,11/2/2010,11/11/2010,,
733,9,10,8,8,5/10/2010,5/10/2010,5/3/2010,5/11/2010
734,10,10,9,9,9/2/2010,,,
735,10,10,10,9,5/25/2010,5/31/2010,8/31/2010,
736,,,8,10,5/18/2010,6/24/2010,1/31/2011,
737,9,,,,11/5/2010,11/16/2010,11/29/2010,11/29/2010
738,10,,,,4/9/2010,4/24/2010,5/19/2010,
739,10,10,2,,5/26/2010,6/1/2010,,
740,8,,,,4/21/2010,5/18/2010,,
741,9,,10,,5/30/2010,9/24/2010,10/5/2010,10/26/2010
742,9,,10,,10/14/2010,,,
743,,,5,8,9/4/2010,9/20/2010,9/27/2010,10/6/2010
744,,10,10,9,5/31/2010,6/1/2010,10/6/2010,
745,10,9,10,9,5/25/2010,6/1/2010,6/8/2010,
746,10,,10,,4/26/2010,5/30/2010,8/24/2010,
747,,,10,9,5/24/2010,6/1/2010,10/8/2010,11/6/2010
748,,10,,10,9/29/2010,,,
749,9,10,,,5/26/2010,,,
750,9,,,8,4/26/2010,,,
751,8,8,9,7,6/2/2010,,,
752,10,,10,,5/24/2010,10/4/2010,,
753,,,,,5/25/2010,,,
754,10,,10,10,5/27/2010,,,
755,10,,,9,4/25/2010,9/16/2010,9/26/2010,3/4/2011
756,,,,,10/21/2010,,,
757,,10,9,9,3/9/2010,5/14/2010,9/13/2010,9/15/2010
758,9,9,10,10,5/25/2010,5/31/2010,9/27/2010,
759,9,10,9,10,5/5/2010,5/18/2010,5/18/2010,5/18/2010
760,7,,,,5/11/2010,5/25/2010,,
761,10,,,,10/4/2010,12/1/2010,,
762,10,10,10,9,6/1/2010,9/8/2010,10/23/2010,1/24/2011
763,10,10,10,10,4/3/2010,5/10/2010,5/31/2010,9/27/2010
764,,,10,9,5/27/2010,6/1/2010,,
765,10,,,,10/2/2010,,,
766,10,8,8,10,4/21/2010,4/22/2010,4/27/2010,4/28/2010
767,8,9,9,8,6/7/2010,10/14/2010,,
768,,,10,,10/22/2010,11/2/2010,,
769,10,10,10,10,6/2/2010,6/2/2010,,
770,,,,,10/21/2010,10/31/2010,,
771,8,,,,5/27/2010,,,
772,,,,10,5/1/2010,5/15/2010,5/26/2010,10/1/2010
773,,,9,,12/21/2010,1/11/2011,,
774,10,,8,8,6/7/2010,6/16/2010,10/18/2010,
775,,,,,4/29/2010,,,
776,,,8,,4/28/2010,5/18/2010,6/1/2010,
777,10,,,,5/21/2010,5/31/2010,,
778,10,10,10,10,4/19/2010,5/4/2010,5/20/2010,5/27/2010
779,,,,,6/4/2010,10/18/2010,,
780,8,9,9,10,4/15/2010,4/21/2010,5/26/2010,9/20/2010
781,8,10,10,,6/3/2010,,,
782,9,,,,10/7/2010,10/12/2010,10/14/2010,
783,10,,,,10/2/2010,10/12/2010,10/25/2010,
784,10,10,9,,4/27/2010,5/18/2010,5/29/2010,10/30/2010
785,,,,,6/8/2010,6/11/2010,10/25/2010,
786,,10,,9,7/7/2010,10/16/2010,12/15/2010,
787,10,,9,8,10/22/2010,11/15/2010,,
788,9,,8,,5/31/2010,10/28/2010,,
789,9,9,,,1/6/2011,1/21/2011,,
790,10,10,10,10,6/1/2010,10/7/2010,,
791,8,8,,,12/1/2009,5/26/2010,,
792,9,,,,1/6/2010,1/6/2010,1/12/2010,1/12/2010
793,7,7,,,10/7/2010,10/15/2010,,
794,8,,,,10/12/2010,1/11/2011,,
795,,10,,,6/2/2010,4/11/2011,,
796,,,,,10/29/2010,11/15/2010,11/23/2010,
797,9,,,,6/4/2010,,,
798,10,10,,10,5/23/2010,5/28/2010,6/4/2010,6/4/2010
799,10,,,,5/28/2010,6/1/2010,,
800,10,,,9,5/28/2010,5/31/2010,6/9/2010,
801,10,,,7,4/28/2010,5/11/2010,,
802,7,,,,6/1/2010,,,
803,,,10,,9/19/2010,11/29/2010,,
804,,7,,9,9/20/2010,10/26/2010,,
805,8,9,9,10,9/21/2010,9/27/2010,10/8/2010,
806,,,,,9/24/2010,10/12/2010,10/23/2010,10/30/2010
807,8,,,,10/20/2010,11/4/2010,,
808,10,,10,,4/7/2010,6/2/2010,12/16/2010,
809,9,,,,5/18/2010,5/31/2010,,
810,8,9,,,11/29/2010,12/18/2010,3/7/2011,
811,,9,,9,9/27/2010,10/15/2010,10/29/2010,3/17/2011
812,,9,,9,9/21/2010,9/30/2010,10/18/2010,3/1/2011
813,10,10,10,10,5/30/2010,6/7/2010,,
814,,10,,,9/14/2010,9/30/2010,10/20/2010,10/25/2010
815,10,,,,10/14/2010,10/26/2010,10/30/2010,
816,,10,,10,10/18/2010,3/9/2011,,
817,9,,,,5/21/2010,5/27/2010,,
818,9,,10,,10/14/2010,,,
819,10,10,,,5/18/2010,6/1/2010,,
820,10,10,,,5/24/2010,9/12/2010,10/7/2010,
821,10,10,,,8/12/2010,9/9/2010,,
822,9,,8,9,9/30/2010,,,
823,9,9,,8,5/3/2010,5/31/2010,10/2/2010,
824,,10,,,10/4/2010,10/12/2010,,
825,10,,,,10/3/2010,10/22/2010,,
826,10,,10,9,9/28/2010,9/28/2010,9/28/2010,9/29/2010
827,,,,,11/2/2010,11/9/2010,,
828,10,10,,,5/25/2010,5/31/2010,9/21/2010,10/25/2010
829,8,,,,9/7/2010,10/12/2010,,
830,,,9,,4/29/2010,5/14/2010,,
831,,,7,,2/7/2010,2/18/2010,2/25/2010,3/1/2010
832,,,,,10/7/2010,,,
833,9,,,,6/9/2010,9/20/2010,,
834,,,,10,5/23/2010,5/28/2010,6/9/2010,9/28/2010
835,10,10,10,10,5/7/2010,5/20/2010,5/27/2010,6/1/2010
836,10,10,10,,9/20/2010,9/22/2010,9/26/2010,10/4/2010
837,10,,,,10/4/2010,10/18/2010,10/21/2010,
838,,,10,,5/19/2010,10/5/2010,11/23/2010,
839,,,,,5/27/2010,5/30/2010,,
840,,,,10,6/16/2010,6/1/2010,6/1/2010,
841,,,,,9/20/2010,9/22/2010,9/24/2010,9/27/2010
842,8,,8,,5/19/2010,6/3/2010,,
843,10,,,,5/19/2010,5/27/2010,5/31/2010,10/1/2010
844,10,10,10,10,5/21/2010,6/2/2010,6/7/2010,7/12/2010
845,9,,,,5/4/2010,5/17/2010,5/20/2010,6/2/2010
846,,8,,10,10/17/2010,11/2/2010,11/19/2010,
847,10,,10,,5/13/2010,5/31/2010,6/1/2010,
848,,,,9,9/10/2010,9/27/2010,10/6/2010,
849,10,,,,3/25/2010,4/6/2010,4/9/2010,4/15/2010
850,10,8,10,8,5/19/2010,5/27/2010,6/1/2010,11/14/2010
851,9,,,10,5/13/2010,5/24/2010,5/28/2010,2/22/2011
852,,,,10,4/2/2010,5/23/2010,,
853,10,7,10,10,4/15/2010,5/29/2010,6/7/2010,6/10/2010
854,9,,8,,9/30/2009,10/20/2009,11/1/2009,
855,9,9,8,9,5/28/2010,6/1/2010,9/17/2010,10/5/2010
856,10,,5,10,9/16/2010,10/1/2010,10/13/2010,
857,6,,,,10/11/2010,10/23/2010,10/27/2010,11/3/2010
858,10,10,10,10,2/23/2010,3/4/2010,5/29/2010,10/4/2010
859,10,9,,10,4/21/2010,4/21/2010,4/22/2010,4/23/2010
860,10,,10,,6/11/2010,6/11/2010,6/11/2010,5/31/2010
861,,10,10,10,5/26/2010,5/31/2010,6/7/2010,10/21/2010
862,10,9,9,,6/5/2010,6/8/2010,,
863,10,10,10,10,6/1/2010,,,
864,10,,,,11/17/2010,11/19/2010,,
865,9,10,10,10,4/15/2010,4/20/2010,4/28/2010,
866,8,,,10,4/2/2010,5/27/2010,6/4/2010,
867,10,10,10,10,10/28/2010,10/28/2010,10/28/2010,10/28/2010
868,8,,,,10/31/2010,11/1/2010,11/4/2010,11/8/2010
869,10,9,10,,5/25/2010,6/1/2010,6/8/2010,
870,10,10,8,7,9/15/2010,9/25/2010,9/30/2010,10/13/2010
871,10,9,,,5/29/2010,9/18/2010,,
872,10,,,,5/20/2010,4/15/2011,,
873,,,,,6/4/2010,,,
874,10,,,,3/4/2010,3/20/2010,3/30/2010,
875,10,,,,5/20/2010,5/28/2010,6/2/2010,12/7/2010
876,9,9,,,6/1/2010,10/25/2010,,
877,8,7,8,7,6/5/2010,6/9/2010,10/13/2010,
878,9,,,,5/16/2010,5/22/2010,,
879,8,8,,,6/6/2010,6/11/2010,10/10/2010,
880,8,,,,6/7/2010,10/20/2010,,
881,10,,,,2/17/2010,5/18/2010,3/6/2010,
882,10,,,,6/1/2010,,,
883,7,,,,5/28/2010,6/4/2010,,
884,,10,,,5/26/2010,3/7/2011,,
885,9,10,10,10,9/30/2010,10/29/2010,11/1/2010,
886,9,10,10,,9/8/2010,9/8/2010,9/9/2010,9/9/2010
887,10,,,,10/1/2010,10/14/2010,,
888,,8,,,11/3/2010,11/8/2010,11/13/2010,11/14/2010
889,,,,,11/15/2010,3/14/2011,,
890,10,10,,,1/31/2011,1/31/2011,,
891,9,9,9,10,9/28/2010,10/17/2010,10/26/2010,10/31/2010
892,10,10,10,10,5/13/2010,5/14/2010,6/4/2010,10/22/2010
893,10,9,9,10,10/4/2010,10/17/2010,10/27/2010,
894,10,7,8,10,5/20/2010,5/28/2010,10/18/2010,1/19/2011
895,10,10,10,10,9/27/2010,9/30/2010,10/12/2010,
896,10,10,10,10,5/30/2010,6/2/2010,10/22/2010,
897,9,10,9,,4/2/2010,5/30/2010,,
898,10,10,10,10,5/27/2010,6/1/2010,6/9/2010,
899,10,10,10,9,4/23/2010,5/28/2010,6/1/2010,
900,,10,10,10,5/27/2010,5/27/2010,5/26/2010,5/31/2010
901,10,,9,10,4/29/2010,4/30/2010,,
902,10,,,,10/22/2010,11/29/2010,,
903,8,,,,1/11/2011,1/11/2011,1/11/2011,
904,10,10,,8,1/13/2010,4/20/2010,4/30/2010,
905,10,10,,10,12/13/2010,12/14/2010,12/16/2010,1/24/2011
906,,,10,,10/29/2010,3/21/2011,,
907,,,10,,3/4/2011,3/4/2011,3/4/2011,
908,10,10,9,8,10/19/2010,,,
909,,,10,9,5/21/2010,5/25/2010,5/27/2010,5/29/2010
910,8,,9,,7/30/2010,4/25/2011,,
911,10,9,10,8,4/27/2010,5/18/2010,5/25/2010,5/28/2010
912,10,10,10,10,2/24/2010,4/6/2010,8/26/2010,
913,9,10,6,8,5/17/2010,6/7/2010,3/4/2011,
914,10,9,,10,9/20/2010,,,
915,,,,,4/15/2010,8/17/2010,,
916,10,,10,,10/14/2010,,,
917,10,,,,9/30/2010,10/8/2010,3/18/2011,
918,10,9,9,9,5/31/2010,7/5/2010,9/20/2010,10/6/2010
919,,9,9,,6/1/2010,9/19/2010,10/25/2010,10/29/2010
920,10,9,,,10/18/2010,,,
921,10,10,10,10,5/17/2010,5/28/2010,6/1/2010,7/6/2010
922,10,8,10,10,5/10/2010,5/25/2010,10/12/2010,
923,10,,5,,4/15/2010,,,
924,10,10,10,10,4/28/2010,,,
925,10,,,,6/4/2010,3/23/2011,,
926,9,,,,10/7/2010,10/15/2010,11/2/2010,
927,10,,,,4/28/2010,,,
928,9,,,,6/4/2010,,,
929,,,10,,5/31/2010,7/8/2010,9/3/2010,9/9/2010
930,10,,,,11/7/2010,,,
931,,,10,,5/24/2010,6/1/2010,6/2/2010,6/2/2010
932,10,,,,10/28/2010,,,
933,10,,,,9/21/2010,9/21/2010,9/27/2010,10/5/2010
934,,,,8,10/4/2010,10/13/2010,11/8/2010,3/16/2011
935,10,10,10,,11/16/2010,11/16/2010,,
936,9,,,,10/4/2010,10/25/2010,11/1/2010,1/25/2011
937,,,,9,2/11/2011,2/11/2011,2/11/2011,2/11/2011
938,10,,9,10,5/28/2010,5/31/2010,6/1/2010,6/7/2010
939,10,6,9,10,10/17/2010,10/26/2010,11/4/2010,
940,10,9,9,9,1/13/2011,1/13/2011,,
941,,,,,11/19/2010,3/16/2011,,
942,,10,10,10,2/3/2011,2/3/2011,2/3/2011,2/3/2011
943,9,,,,9/4/2010,10/25/2010,11/1/2010,
944,10,,,,9/16/2010,9/23/2010,10/8/2010,10/18/2010
945,10,10,9,10,9/2/2010,9/12/2010,10/3/2010,
946,10,10,10,10,2/18/2011,2/18/2011,2/18/2011,
947,10,10,10,10,6/2/2010,6/8/2010,6/13/2010,6/15/2010
948,10,10,,,5/17/2010,5/31/2010,9/7/2010,9/29/2010
949,,10,10,10,9/22/2010,10/20/2010,10/29/2010,11/30/2010
950,,10,,,5/1/2010,5/31/2010,6/2/2010,9/28/2010
951,9,9,9,8,5/28/2010,6/1/2010,6/8/2010,10/13/2010
952,9,10,,9,5/14/2010,5/14/2010,5/25/2010,
953,10,10,10,10,5/11/2010,5/12/2010,11/16/2010,
954,9,9,9,,5/24/2010,5/27/2010,8/10/2010,9/13/2010
955,9,,,,4/5/2011,,,
956,9,8,8,,9/23/2010,10/6/2010,10/12/2010,10/18/2010
957,9,8,10,10,4/12/2010,4/12/2010,4/12/2010,4/12/2010
958,10,9,9,,4/29/2010,5/20/2010,5/30/2010,12/11/2010
959,10,10,10,,5/18/2010,5/30/2010,,
960,,10,10,9,11/5/2010,11/5/2010,11/5/2010,11/5/2010
961,10,,,,6/9/2010,6/14/2010,9/22/2010,9/29/2010
962,,10,10,10,10/5/2010,10/18/2010,10/25/2010,10/29/2010
963,10,10,,,5/10/2010,6/1/2010,9/16/2010,
964,8,,,9,10/6/2009,10/15/2009,12/7/2009,6/1/2010
965,,,,,11/15/2010,11/15/2010,11/15/2010,11/15/2010
966,,10,10,10,5/24/2010,6/1/2010,9/6/2010,10/20/2010
967,10,10,10,10,10/21/2010,10/21/2010,10/24/2010,
968,10,10,10,10,5/24/2010,5/29/2010,6/7/2010,8/17/2010
969,10,10,10,10,5/25/2010,8/9/2010,11/4/2010,
970,9,10,,,12/14/2010,,,
971,,,10,10,1/27/2010,2/10/2010,2/16/2010,5/14/2010
972,8,,9,9,5/14/2010,5/19/2010,5/24/2010,6/7/2010
973,10,10,10,10,4/20/2010,5/17/2010,6/1/2010,8/20/2010
974,9,10,,,6/1/2010,6/7/2010,9/27/2010,10/1/2010
975,10,10,10,9,5/12/2010,5/24/2010,5/27/2010,9/7/2010
976,,9,9,,3/17/2010,4/6/2010,5/5/2010,5/24/2010
977,,,10,9,5/26/2010,,,
978,,,,10,5/23/2010,5/31/2010,,
979,10,,,,10/26/2010,10/26/2010,10/26/2010,10/26/2010
980,10,10,10,10,3/8/2010,4/13/2010,5/21/2010,9/3/2010
981,10,10,10,10,9/17/2010,9/20/2010,9/27/2010,10/5/2010
982,10,10,10,10,4/21/2010,4/26/2010,5/7/2010,9/6/2010
983,10,9,10,9,5/18/2010,5/18/2010,5/18/2010,5/18/2010
984,10,9,,10,9/20/2010,10/8/2010,11/4/2010,11/14/2010
985,8,,,8,5/16/2010,5/18/2010,,
986,10,,,,10/26/2010,10/26/2010,,
987,10,10,10,,4/13/2010,4/14/2010,4/21/2010,5/26/2010
988,,8,10,,5/24/2010,5/28/2010,10/8/2010,
989,9,9,8,8,5/13/2010,5/17/2010,5/17/2010,5/17/2010
990,,,9,,9/28/2010,,,
991,10,,10,10,5/25/2010,8/16/2010,10/15/2010,12/19/2010
992,9,,10,10,4/10/2010,4/28/2010,6/1/2010,10/2/2010
993,7,9,8,9,5/29/2010,5/31/2010,5/31/2010,6/2/2010
994,9,9,9,10,5/21/2010,5/21/2010,5/21/2010,5/21/2010
995,10,,9,,6/14/2010,6/14/2010,6/14/2010,6/14/2010
996,8,10,10,,5/21/2010,5/31/2010,7/22/2010,11/20/2010
997,9,10,,,8/30/2010,9/11/2010,9/22/2010,9/29/2010
998,,10,,9,4/16/2010,4/20/2010,5/16/2010,5/29/2010
999,,10,10,10,5/12/2010,5/22/2010,5/29/2010,7/15/2010
1000,,,,,8/26/2010,10/6/2010,10/27/2010,
1001,9,8,7,5,9/6/2010,9/15/2010,9/24/2010,10/1/2010
1002,10,,10,,5/16/2010,6/1/2010,8/26/2010,12/17/2010
1003,9,9,10,6,2/28/2010,6/1/2010,10/12/2010,
1004,8,10,9,,9/1/2010,9/1/2010,10/17/2010,10/25/2010
1005,10,,,,5/4/2010,5/23/2010,5/28/2010,6/2/2010
1006,10,,10,10,5/18/2010,8/26/2010,,
1007,10,10,10,10,11/15/2010,,,
1008,10,,,,5/5/2010,5/20/2010,5/31/2010,
1009,10,10,10,8,3/18/2010,5/3/2010,6/3/2010,
1010,10,,,,5/28/2010,9/14/2010,,
1011,,10,9,10,4/28/2010,5/10/2010,5/23/2010,5/28/2010
1012,10,8,9,9,9/30/2010,10/18/2010,10/29/2010,11/5/2010
1013,,,,,6/2/2010,6/2/2010,6/8/2010,
1014,10,9,10,10,6/2/2010,11/2/2010,2/25/2011,
1015,5,10,10,9,5/31/2010,6/1/2010,6/8/2010,9/9/2010
1016,10,10,9,9,4/12/2010,5/13/2010,5/28/2010,6/1/2010
1017,10,9,10,,6/2/2010,6/9/2010,,
1018,9,,,,12/21/2010,1/4/2011,1/7/2011,1/12/2011
1019,10,10,10,8,9/29/2010,,,
1020,9,9,9,9,5/19/2010,5/27/2010,5/31/2010,
1021,10,10,10,8,7/6/2010,7/29/2010,8/31/2010,9/6/2010
1022,10,10,,,9/27/2010,10/12/2010,10/14/2010,10/15/2010
1023,10,10,9,9,5/19/2010,5/29/2010,6/1/2010,6/7/2010
1024,10,9,,10,6/1/2010,6/8/2010,10/18/2010,10/31/2010
1025,,,,,10/2/2010,,,
1026,10,10,10,10,3/15/2010,4/27/2010,5/25/2010,5/30/2010
1027,10,10,10,9,4/8/2010,5/2/2010,5/21/2010,5/28/2010
1028,8,,9,,3/23/2010,5/17/2010,5/25/2010,6/2/2010
1029,10,10,10,10,5/13/2010,5/21/2010,5/31/2010,6/7/2010
1030,10,10,9,,5/24/2010,6/3/2010,6/8/2010,1/13/2011
1031,10,10,,,9/15/2010,9/20/2010,9/27/2010,10/1/2010
1032,10,10,10,10,4/12/2010,4/26/2010,5/14/2010,5/31/2010
1033,,9,9,9,10/6/2010,10/11/2010,10/13/2010,10/16/2010
1034,10,,,,5/12/2010,5/24/2010,5/31/2010,
1035,10,10,10,,1/27/2011,2/2/2011,2/3/2011,
1036,10,10,,,5/27/2010,5/28/2010,6/1/2010,6/7/2010
1037,10,,10,,10/12/2010,10/21/2010,12/17/2010,2/11/2011
1038,10,10,10,10,4/10/2010,5/16/2010,10/15/2010,11/22/2010
1039,10,10,10,10,9/13/2010,10/17/2010,11/1/2010,
1040,,,8,,5/25/2010,9/21/2010,10/25/2010,
1041,9,10,,,5/31/2010,8/25/2010,9/8/2010,9/16/2010
1042,10,,,10,5/28/2010,5/28/2010,,
1043,,,9,10,9/7/2010,9/29/2010,10/8/2010,
1044,10,10,10,10,6/1/2010,6/2/2010,6/2/2010,6/2/2010
1045,10,10,10,10,11/5/2010,11/5/2010,11/5/2010,11/5/2010
1046,,,,,1/5/2011,1/11/2011,,
1047,,,,8,10/5/2010,10/28/2010,,
1048,9,10,,,11/11/2010,11/11/2010,11/11/2010,11/11/2010
1049,10,10,10,10,9/2/2010,9/3/2010,9/13/2010,9/28/2010
1050,10,10,10,9,10/18/2010,11/8/2010,,
1051,10,10,10,10,5/4/2010,9/16/2010,,
1052,10,10,10,10,5/17/2010,5/23/2010,5/28/2010,9/12/2010
1053,10,10,10,10,6/1/2010,6/8/2010,10/14/2010,
1054,,9,10,9,4/17/2010,5/3/2010,5/24/2010,5/29/2010
1055,10,10,10,9,6/1/2010,6/7/2010,9/30/2010,
1056,9,9,9,9,9/23/2010,10/19/2010,11/15/2010,
1057,10,10,,,5/22/2010,,,
1058,10,,,,10/28/2010,,,
1059,10,10,10,10,10/21/2010,10/21/2010,10/21/2010,10/21/2010
1060,,10,,,10/7/2010,10/10/2010,10/19/2010,
1061,8,,10,10,10/17/2010,10/26/2010,10/26/2010,4/27/2011
1062,9,,,,10/13/2010,10/18/2010,10/29/2010,
1063,6,,,,9/30/2010,10/4/2010,10/13/2010,10/25/2010
1064,8,8,,9,5/27/2010,5/29/2010,5/31/2010,6/3/2010
1065,10,,,,9/23/2010,9/30/2010,10/12/2010,
1066,7,,,,10/1/2010,10/5/2010,10/13/2010,
1067,10,,,,9/23/2010,9/25/2010,,
1068,10,10,10,8,5/18/2010,5/24/2010,5/26/2010,5/29/2010
1069,10,10,10,10,6/11/2010,7/17/2010,10/18/2010,
1070,10,10,10,,6/17/2010,9/27/2010,10/20/2010,
1071,10,10,10,10,4/15/2010,5/4/2010,5/19/2010,9/15/2010
1072,10,10,,,5/29/2010,11/19/2010,,
1073,,,,,6/3/2010,6/3/2010,,
1074,10,,10,10,6/2/2010,6/15/2010,11/23/2010,4/19/2011
1075,,,2,,2/17/2011,3/7/2011,,
1076,,,8,,6/7/2010,6/7/2010,6/7/2010,6/8/2010
1077,10,10,8,10,12/15/2010,12/22/2010,,
1078,10,10,8,10,9/20/2010,9/28/2010,10/5/2010,10/15/2010
1079,10,10,10,8,6/1/2010,6/8/2010,9/12/2010,
1080,7,,,,12/16/2010,12/20/2010,1/18/2011,3/25/2011
1081,,,,,5/20/2010,6/2/2010,6/10/2010,6/10/2010
1082,6,10,10,10,6/28/2010,,,
1083,9,9,9,7,5/23/2010,5/31/2010,9/12/2010,9/30/2010
1084,10,10,10,10,11/2/2010,11/2/2010,,
1085,10,,10,,5/2/2010,5/10/2010,5/15/2010,10/29/2010
1086,10,10,10,10,9/15/2010,10/11/2010,10/28/2010,
1087,10,10,10,10,3/10/2011,3/10/2011,3/10/2011,3/10/2011
1088,10,,,10,3/4/2011,3/4/2011,3/4/2011,3/4/2011
1089,,10,10,10,6/8/2010,6/8/2010,6/15/2010,4/6/2011
1090,10,,,,4/12/2010,4/26/2010,6/3/2010,9/28/2010
1091,8,8,8,7,4/27/2010,4/27/2010,4/27/2010,4/27/2010
1092,,,10,10,6/2/2010,6/9/2010,,
1093,10,,,10,5/25/2010,6/1/2010,9/7/2010,9/29/2010
1094,10,10,10,9,5/20/2010,5/25/2010,6/1/2010,10/1/2010
1095,,10,10,9,5/12/2010,5/29/2010,,
1096,,10,,,10/15/2010,,,
1097,10,,,,10/13/2010,10/29/2010,11/2/2010,11/4/2010
1098,10,10,10,10,4/24/2010,4/18/2010,4/24/2010,5/10/2010
1099,10,,10,8,9/9/2010,9/13/2010,9/17/2010,9/24/2010
1100,10,10,10,10,5/18/2010,5/31/2010,9/23/2010,
1101,9,9,8,8,10/22/2010,11/12/2010,11/21/2010,
1102,8,,10,,10/16/2010,10/19/2010,10/21/2010,10/22/2010
1103,10,9,10,9,4/26/2010,5/3/2010,5/7/2010,5/26/2010
1104,9,9,8,8,5/19/2010,6/4/2010,6/14/2010,7/5/2010
1105,9,10,10,10,11/1/2010,11/1/2010,11/1/2010,11/1/2010
1106,,9,9,9,3/26/2010,4/13/2010,5/30/2010,
1107,10,10,10,9,5/30/2010,6/7/2010,9/30/2010,
1108,10,10,10,9,4/14/2010,4/19/2010,4/29/2010,5/14/2010
1109,10,,,10,9/26/2010,10/5/2010,10/27/2010,11/1/2010
1110,10,,,10,9/26/2010,10/15/2010,10/27/2010,11/8/2010
1111,,9,,,5/10/2010,5/18/2010,5/25/2010,5/31/2010
1112,,,,10,6/13/2010,9/13/2010,10/20/2010,11/11/2010
1113,,,10,9,6/7/2010,6/8/2010,6/23/2010,
1114,10,10,8,9,6/1/2010,6/11/2010,10/8/2010,
1115,10,9,9,9,5/18/2010,5/29/2010,9/22/2010,1/28/2011
1116,9,,,10,6/8/2010,9/21/2010,9/30/2010,10/31/2010
1117,10,,,,11/15/2010,11/18/2010,11/19/2010,
1118,10,10,10,7,5/31/2010,7/9/2010,4/20/2011,
1119,8,,10,,10/15/2010,10/17/2010,10/18/2010,10/19/2010
1120,10,10,10,10,6/14/2010,7/9/2010,11/13/2010,12/10/2010
1121,,10,10,10,5/25/2010,6/15/2010,6/22/2010,10/13/2010
1122,9,,9,9,11/18/2010,11/18/2010,,
1123,,,,,10/12/2010,10/12/2010,10/12/2010,10/12/2010
1124,9,10,10,10,5/20/2010,5/27/2010,9/15/2010,11/13/2010
1125,10,10,10,10,5/17/2010,5/28/2010,2/18/2011,
1126,10,9,,,9/30/2010,10/15/2010,11/15/2010,1/3/2011
1127,10,,,,9/15/2010,9/21/2010,9/26/2010,9/30/2010
1128,10,,10,,3/2/2010,3/12/2010,3/16/2010,
1129,,,,9,9/30/2010,10/5/2010,10/12/2010,10/13/2010
1130,,,,,10/15/2010,10/15/2010,10/15/2010,10/15/2010
1131,10,10,10,10,10/4/2010,10/4/2010,,
1132,10,,,,10/12/2010,10/20/2010,,
1133,10,10,10,10,9/28/2010,9/30/2010,10/1/2010,
1134,,,10,,10/19/2010,10/29/2010,,
1135,10,10,10,10,5/19/2010,6/8/2010,10/5/2010,
1136,7,,,,6/10/2010,6/15/2010,6/19/2010,
1137,10,,10,10,6/9/2010,6/13/2010,6/15/2010,10/28/2010
1138,,10,,10,10/3/2010,10/10/2010,10/24/2010,10/30/2010
1139,,10,10,10,2/17/2011,,,
1140,,10,,,10/19/2010,10/19/2010,10/19/2010,10/19/2010
1141,9,,,,10/18/2010,,,
1142,9,,10,,3/15/2010,5/10/2010,5/29/2010,4/20/2011
1143,8,8,10,10,4/27/2010,5/7/2010,5/18/2010,5/24/2010
1144,10,10,10,10,3/8/2010,4/12/2010,5/14/2010,5/25/2010
1145,10,10,9,9,5/26/2010,4/1/2010,4/21/2010,5/18/2010
1146,9,10,8,9,5/14/2010,5/26/2010,6/1/2010,9/30/2010
1147,10,10,,,4/15/2010,5/11/2010,5/31/2010,9/16/2010
1148,9,,10,8,10/2/2010,10/21/2010,10/21/2010,10/21/2010
1149,10,10,10,10,9/23/2010,10/13/2010,,
1150,10,,,,9/20/2010,10/12/2010,10/26/2010,10/30/2010
1151,9,10,10,10,10/9/2010,10/14/2010,10/19/2010,10/28/2010
1152,10,,,,9/13/2010,9/14/2010,9/23/2010,
1153,8,,7,,2/6/2010,2/20/2010,3/4/2010,4/3/2010
1154,10,10,10,9,6/1/2010,4/23/2010,5/20/2010,6/1/2010
1155,10,10,10,10,6/3/2010,6/7/2010,6/8/2010,9/17/2010
1156,10,10,10,10,10/13/2010,,,
1157,,,,10,9/2/2010,9/30/2010,,
1158,10,,,,12/14/2009,,,
1159,9,,,,10/8/2010,10/19/2010,10/25/2010,10/27/2010
1160,10,10,10,10,5/18/2010,5/25/2010,5/28/2010,5/31/2010
1161,10,8,,,5/31/2010,6/4/2010,4/7/2011,
1162,10,,,,6/3/2010,,,
1163,10,,,,10/7/2010,10/7/2010,10/14/2010,10/25/2010
1164,9,8,8,7,6/8/2010,6/11/2010,11/3/2010,
1165,10,10,10,8,5/12/2010,5/20/2010,5/27/2010,6/2/2010
1166,10,10,10,,3/29/2010,5/27/2010,5/31/2010,10/15/2010
1167,10,10,10,4,5/24/2010,5/31/2010,6/2/2010,
1168,,,,10,11/15/2010,12/10/2010,,
1169,10,,,,6/1/2010,6/2/2010,2/5/2011,
1170,8,10,9,10,4/9/2010,5/18/2010,5/24/2010,5/28/2010
1171,10,10,9,9,5/28/2010,5/28/2010,5/28/2010,6/1/2010
1172,10,10,,10,3/9/2010,4/13/2010,5/9/2010,5/30/2010
1173,,,,,9/7/2010,9/22/2010,10/3/2010,
1174,,10,,,9/30/2010,2/15/2011,,
1175,6,,,,12/10/2010,,,
1176,10,10,10,10,9/27/2010,10/7/2010,10/12/2010,
1177,8,,,,5/20/2010,5/22/2010,5/31/2010,2/28/2011
1178,,,,,4/17/2010,4/24/2010,4/27/2010,4/29/2010
1179,10,10,10,10,5/18/2010,5/21/2010,5/31/2010,8/12/2010
1180,10,10,10,7,5/3/2010,5/24/2010,6/2/2010,10/12/2010
1181,,,,10,6/1/2010,9/29/2010,,
1182,10,10,,10,4/9/2010,5/26/2010,6/2/2010,1/31/2011
1183,10,,,9,9/16/2010,,,
1184,10,,,,1/12/2011,1/19/2011,1/25/2011,1/30/2011
1185,10,6,,,5/18/2010,5/25/2010,5/31/2010,
1186,,,,10,1/24/2011,1/24/2011,1/24/2011,
1187,,8,8,9,1/11/2011,1/11/2011,1/11/2011,
1188,10,,,,9/13/2010,,,
1189,10,10,10,,5/29/2010,11/10/2010,,
1190,10,10,,,6/9/2010,6/9/2010,6/9/2010,
1191,,,,,9/17/2010,10/2/2010,11/1/2010,
1192,10,10,,,6/18/2010,10/13/2010,3/15/2011,
1193,10,10,10,10,4/22/2010,5/3/2010,5/14/2010,5/27/2010
1194,9,10,10,8,5/12/2010,5/27/2010,5/31/2010,9/24/2010
1195,10,,,,3/29/2010,4/12/2010,,
1196,10,10,10,10,5/13/2010,6/7/2010,6/7/2010,6/7/2010
1197,10,10,10,10,2/10/2010,5/19/2010,3/2/2011,
1198,,,,,11/22/2010,11/23/2010,11/26/2010,
1199,,,,,10/25/2010,10/27/2010,10/27/2010,11/1/2010
1200,10,10,9,10,5/28/2010,6/1/2010,6/14/2010,12/21/2010
1201,,,,,10/12/2010,11/1/2010,,
1202,10,,,,5/7/2010,5/13/2010,5/21/2010,5/29/2010
1203,9,9,9,10,10/10/2010,10/15/2010,10/20/2010,3/29/2011
1204,10,10,10,,12/1/2010,12/1/2010,12/1/2010,
1205,,10,10,10,1/6/2011,1/6/2011,1/6/2011,1/6/2011
1206,10,,,,10/25/2010,11/4/2010,11/9/2010,11/11/2010
1207,10,10,10,10,5/26/2010,5/28/2010,5/31/2010,6/1/2010
1208,,,,,9/25/2010,,,
1209,10,,,,9/27/2010,10/6/2010,10/18/2010,10/26/2010
1210,4,,10,8,10/29/2010,11/1/2010,11/7/2010,11/19/2010
1211,10,10,10,9,5/22/2010,5/30/2010,6/1/2010,6/2/2010
1212,10,10,10,10,5/27/2010,5/31/2010,6/14/2010,10/12/2010
1213,8,,9,,5/20/2010,5/25/2010,5/27/2010,5/31/2010
1214,10,,,,8/30/2010,9/21/2010,9/30/2010,1/3/2011
1215,,10,10,10,4/5/2011,4/5/2011,4/5/2011,
1216,9,,,,9/16/2010,9/30/2010,9/30/2010,10/9/2010
1217,10,,,,11/11/2010,11/15/2010,11/17/2010,11/18/2010
1218,,,10,,6/8/2010,6/10/2010,6/15/2010,10/29/2010
1219,10,10,10,10,2/5/2010,3/1/2010,3/30/2010,5/14/2010
1220,10,10,10,10,5/2/2010,5/5/2010,5/6/2010,5/19/2010
1221,,,,9,9/2/2010,9/8/2010,9/27/2010,10/10/2010
1222,10,,8,8,9/24/2010,,,
1223,10,10,,,1/24/2011,1/26/2011,2/8/2011,
1224,10,,,,6/15/2010,4/18/2011,,
1225,,,,,1/10/2011,1/10/2011,1/10/2011,1/10/2011
1226,10,9,8,8,10/28/2010,11/9/2010,11/15/2010,
1227,10,7,8,10,4/12/2010,5/4/2010,5/21/2010,6/1/2010
1228,10,,7,,4/22/2010,4/27/2010,5/5/2010,5/11/2010
1229,6,,,,9/15/2010,9/20/2010,,
1230,,,,,5/24/2010,5/29/2010,6/1/2010,8/3/2010
1231,,9,,,9/23/2010,10/20/2010,,
1232,10,10,10,10,4/29/2010,5/18/2010,5/27/2010,9/28/2010
1233,10,10,10,,5/15/2010,5/17/2010,5/19/2010,5/28/2010
1234,,7,8,,9/8/2010,9/12/2010,9/14/2010,9/21/2010
1235,3,10,10,10,5/2/2010,5/12/2010,5/17/2010,5/23/2010
1236,10,,10,,5/18/2010,5/21/2010,5/27/2010,
1237,8,,,,1/20/2011,1/20/2011,1/20/2011,
1238,7,10,,,5/20/2010,5/28/2010,6/5/2010,
1239,,8,10,,4/12/2010,5/6/2010,5/25/2010,9/20/2010
1240,10,,,10,6/14/2010,6/22/2010,5/19/2011,
1241,,,10,,10/22/2010,10/27/2010,11/10/2010,1/18/2011
1242,10,,,,11/11/2010,11/15/2010,12/6/2010,
1243,,9,10,,6/15/2010,10/10/2010,10/31/2010,
1244,10,,,,9/16/2010,10/2/2010,,
1245,10,10,,,10/8/2010,10/21/2010,11/15/2010,
1246,10,10,,10,4/30/2010,5/19/2010,6/4/2010,
1247,,10,10,10,6/7/2010,10/8/2010,11/9/2010,
1248,10,10,10,10,5/26/2010,6/2/2010,9/29/2010,10/28/2010
1249,,,,,10/6/2010,10/11/2010,12/7/2010,
1250,10,10,10,10,5/11/2010,5/31/2010,6/17/2010,
1251,2,9,10,9,5/18/2010,6/2/2010,12/6/2010,1/4/2011
1252,,10,7,10,10/21/2010,10/21/2010,10/24/2010,11/1/2010
1253,10,,,,10/20/2010,11/1/2010,11/17/2010,
1254,10,,10,10,1/20/2011,1/24/2011,1/31/2011,3/6/2011
1255,10,10,9,,8/26/2010,,,
1256,10,10,10,,5/18/2010,5/23/2010,5/28/2010,11/30/2010
1257,,,,10,12/10/2010,5/3/2011,,
1258,9,9,9,10,5/21/2010,9/10/2010,10/4/2010,
1259,8,9,10,9,5/10/2010,5/10/2010,,
1260,10,10,10,4,10/25/2010,10/29/2010,11/2/2010,11/7/2010
1261,,,,,9/28/2010,9/28/2010,5/18/2011,
1262,9,,,,12/7/2010,12/29/2010,1/14/2011,1/28/2011
1263,10,10,,,5/25/2010,5/31/2010,10/15/2010,
1264,8,,,,4/1/2010,4/12/2010,4/15/2010,
1265,10,9,,,5/15/2010,5/28/2010,4/5/2011,
1266,,,,8,9/21/2010,9/29/2010,10/18/2010,
1267,,,,,10/25/2010,,,
1268,10,,10,,11/2/2010,,,
1269,10,9,9,9,4/15/2010,4/27/2010,5/10/2010,5/31/2010
1270,8,7,10,10,4/1/2010,5/11/2010,5/27/2010,
1271,10,,,,10/8/2010,,,
1272,9,9,9,8,5/10/2010,5/31/2010,2/5/2011,
1273,,,10,,11/2/2010,,,
1274,8,,,,5/11/2010,5/31/2010,2/8/2011,
1275,10,10,9,8,6/1/2010,9/28/2010,10/29/2010,
1276,,7,,,5/26/2010,6/15/2010,,
1277,,,,,10/5/2010,,,
1278,,,,,10/20/2010,10/20/2010,10/20/2010,
1279,,,,,10/12/2010,11/16/2010,,
1280,9,10,10,,5/3/2010,5/10/2010,5/18/2010,5/26/2010
1281,5,,,,2/8/2011,3/3/2011,3/3/2011,
1282,10,,,,1/19/2010,2/3/2010,,
1283,10,10,10,8,10/22/2010,11/6/2010,,
1284,,,,,10/25/2010,11/3/2010,11/9/2010,11/14/2010
1285,,,,,11/16/2010,11/17/2010,11/19/2010,4/12/2011
1286,8,,10,,11/17/2010,11/17/2010,11/17/2010,11/17/2010
1287,10,8,10,,5/19/2010,5/27/2010,6/2/2010,10/5/2010
1288,10,10,10,10,4/24/2010,5/20/2010,5/31/2010,8/31/2010
1289,10,10,9,9,5/27/2010,5/27/2010,5/27/2010,5/27/2010
1290,8,,,,10/17/2010,10/27/2010,11/2/2010,
1291,10,,10,,8/20/2010,10/18/2010,12/23/2010,4/11/2011
1292,10,10,10,10,3/16/2010,5/17/2010,5/24/2010,5/28/2010
1293,,10,10,,2/26/2010,4/2/2010,4/26/2010,5/24/2010
1294,8,,,10,10/26/2010,10/31/2010,,
1295,,10,,10,4/20/2010,5/25/2010,5/28/2010,8/21/2010
1296,,8,,,9/27/2010,11/5/2010,,
1297,10,,10,10,9/30/2010,,,
1298,9,,,9,4/14/2010,5/31/2010,11/12/2010,
1299,9,10,10,,5/17/2010,5/28/2010,6/1/2010,10/5/2010
1300,9,,10,9,12/1/2010,12/10/2010,1/7/2011,
1301,,9,9,7,5/5/2010,5/23/2010,9/28/2010,
1302,10,10,9,10,4/26/2010,4/26/2010,5/7/2010,5/26/2010
1303,,,7,,1/5/2011,1/7/2011,1/20/2011,
1304,10,,3,,10/25/2010,11/5/2010,,
1305,,9,,,8/31/2010,10/11/2010,11/23/2010,
1306,,10,10,,11/16/2010,1/29/2011,3/1/2011,
1307,9,8,10,,9/13/2010,,,
1308,10,10,10,10,10/7/2010,10/18/2010,11/2/2010,
1309,,,9,,4/7/2010,5/14/2010,6/1/2010,7/7/2010
1310,7,,,,12/5/2010,12/8/2010,1/13/2011,
1311,10,8,9,,1/9/2011,1/14/2011,,
1312,10,10,8,10,4/1/2010,4/15/2010,5/3/2010,5/16/2010
1313,10,10,10,10,5/21/2010,6/1/2010,6/7/2010,9/27/2010
1314,,10,,,10/31/2010,11/16/2010,11/18/2010,11/19/2010
1315,10,,10,,5/25/2010,5/28/2010,10/28/2010,
1316,10,,,,6/28/2010,10/20/2010,10/20/2010,11/2/2010
1317,10,,9,10,6/8/2010,6/8/2010,6/8/2010,6/8/2010
1318,10,,8,,6/11/2010,6/11/2010,,
1319,10,9,10,9,2/26/2010,3/11/2010,3/24/2010,4/14/2010
1320,9,10,9,8,9/28/2010,9/28/2010,9/28/2010,
1321,10,9,,,9/19/2010,10/5/2010,10/12/2010,10/18/2010
1322,9,,,10,6/9/2010,10/4/2010,10/13/2010,3/9/2011
1323,10,,10,,5/7/2009,6/3/2010,7/7/2010,
1324,10,,,,11/18/2010,11/29/2010,11/30/2010,12/15/2010
1325,10,,,,10/1/2010,,,
1326,9,,,,9/16/2010,9/26/2010,10/15/2010,
1327,,10,,8,9/29/2010,10/26/2010,,
1328,,,,,3/26/2010,4/1/2010,4/4/2010,4/5/2010
1329,9,,,8,9/8/2010,9/15/2010,9/20/2010,9/23/2010
1330,,,10,,10/31/2010,11/4/2010,11/9/2010,11/11/2010
1331,9,,,,10/16/2010,10/18/2010,10/19/2010,10/21/2010
1332,10,10,10,,4/5/2010,4/29/2010,5/28/2010,10/8/2010
1333,,8,9,10,9/19/2010,2/18/2011,,
1334,10,10,10,10,10/11/2010,10/16/2010,10/24/2010,11/5/2010
1335,10,10,,10,4/27/2010,6/1/2010,4/11/2011,
1336,9,,,,1/13/2011,1/20/2011,4/22/2011,4/22/2011
1337,,,10,,3/2/2010,6/9/2010,,
1338,10,10,10,,3/22/2010,4/10/2010,5/10/2010,9/30/2010
1339,10,10,,10,9/30/2010,10/18/2010,10/21/2010,
1340,10,10,10,10,5/12/2010,9/13/2010,,
1341,7,10,9,,9/29/2010,10/8/2010,,
1342,10,,,,11/10/2010,,,
1343,,10,10,9,5/27/2010,10/25/2010,11/2/2010,
1344,8,4,9,,2/22/2011,4/14/2011,,
1345,9,,,,6/1/2010,6/2/2010,10/25/2010,
1346,9,,,,10/27/2010,10/30/2010,,
1347,10,9,,,3/22/2010,4/19/2010,5/12/2010,6/1/2010
1348,10,,10,10,10/18/2010,,,
1349,10,10,10,,10/18/2010,,,
1350,8,8,8,8,5/31/2010,9/20/2010,9/30/2010,
1351,9,9,10,10,6/1/2010,10/5/2010,,
1352,,,,,10/12/2010,,,
1353,10,8,8,,10/13/2010,10/20/2010,10/22/2010,
1354,10,10,,,9/14/2010,,,
1355,10,10,,,9/12/2010,,,
1356,10,,,,5/24/2010,6/1/2010,10/20/2010,
1357,,10,,,10/15/2010,,,
1358,9,,10,,10/26/2010,11/1/2010,11/6/2010,11/12/2010
1359,10,10,10,,9/27/2010,10/7/2010,,
1360,,,,,4/19/2010,4/23/2010,,
1361,,,,,4/30/2010,5/13/2010,5/23/2010,7/22/2010
1362,10,,,,10/19/2010,,,
1363,9,,,,3/10/2011,,,
1364,10,,,,4/26/2010,,,
1365,9,10,9,8,3/9/2010,3/11/2010,3/13/2010,3/17/2010
1366,10,,,,9/24/2010,10/1/2010,10/6/2010,
1367,10,,,,4/18/2011,4/18/2011,,
1368,10,9,9,8,5/5/2010,6/1/2010,9/9/2010,11/9/2010
1369,5,,10,,10/19/2010,10/26/2010,11/1/2010,
1370,10,10,8,10,7/5/2010,8/5/2010,8/20/2010,8/30/2010
1371,,,,10,5/25/2010,6/1/2010,10/4/2010,
1372,,,,,5/24/2010,11/1/2010,11/7/2010,
1373,10,,,,8/31/2010,9/21/2010,10/6/2010,
1374,8,,,,6/9/2010,9/28/2010,10/13/2010,
1375,,10,9,10,10/7/2010,11/5/2010,,
1376,10,10,10,10,5/18/2010,5/30/2010,6/2/2010,10/18/2010
1377,10,,,,5/8/2010,5/18/2010,5/27/2010,
1378,10,,,10,6/1/2010,,,
1379,7,8,,,6/1/2010,10/14/2010,4/8/2011,
1380,10,,,,6/22/2010,6/25/2010,,
1381,10,10,9,10,5/20/2010,5/31/2010,9/20/2010,
1382,10,10,10,10,9/16/2010,9/21/2010,10/4/2010,10/7/2010
1383,,,,,11/3/2009,11/10/2009,11/17/2009,
1384,7,,,,10/18/2010,10/29/2010,2/15/2011,
1385,8,8,9,8,8/30/2010,9/8/2010,9/13/2010,10/1/2010
1386,10,,10,,5/14/2010,10/13/2010,12/4/2010,
1387,10,,,,9/26/2010,10/13/2010,10/15/2010,
1388,10,,,,11/9/2010,12/7/2010,,
1389,10,,,,5/12/2010,5/23/2010,,
1390,,,,,5/31/2010,,,
1391,10,10,9,,10/25/2010,2/3/2011,,
1392,,,,,10/29/2010,11/16/2010,,
1393,10,10,10,10,4/19/2010,5/18/2010,6/1/2010,
1394,10,,10,,4/28/2010,5/3/2010,,
1395,10,9,9,10,5/21/2010,6/7/2010,10/14/2010,
1396,,,8,9,10/7/2010,10/20/2010,10/24/2010,10/26/2010
1397,8,,,,10/4/2010,10/8/2010,10/13/2010,10/18/2010
1398,10,10,,10,5/27/2010,2/16/2011,,
1399,10,9,10,10,5/22/2010,5/27/2010,6/2/2010,10/19/2010
1400,10,10,,10,9/29/2010,10/19/2010,10/22/2010,
1401,,9,,10,10/1/2010,,,
1402,9,9,10,,5/21/2010,5/25/2010,5/30/2010,10/14/2010
1403,10,,,,10/1/2010,10/8/2010,,
1404,,9,10,8,9/22/2010,9/27/2010,9/30/2010,10/1/2010
1405,10,10,10,10,5/18/2010,6/1/2010,9/27/2010,10/30/2010
1406,8,10,10,10,5/4/2010,5/28/2010,6/1/2010,9/22/2010
1407,9,,9,,9/23/2010,9/30/2010,,
1408,10,10,,,4/26/2010,8/31/2010,9/15/2010,
1409,10,10,10,10,9/27/2010,,,
1410,10,7,,,10/8/2010,,,
1411,8,10,,,9/25/2010,10/5/2010,10/22/2010,10/29/2010
1412,,,,,9/15/2010,,,
1413,,,,,9/23/2010,9/27/2010,10/4/2010,
1414,9,8,9,,9/18/2010,10/1/2010,10/29/2010,11/2/2010
1415,9,,,10,10/10/2010,,,
1416,10,,9,,5/28/2010,6/1/2010,6/7/2010,10/15/2010
1417,10,10,10,10,10/12/2010,10/18/2010,10/25/2010,10/30/2010
1418,9,,10,,9/14/2010,11/21/2010,,
1419,9,,10,,9/30/2010,,,
1420,,10,,,9/30/2010,4/11/2011,,
1421,10,,,,10/7/2010,,,
1422,10,10,10,10,5/3/2010,5/28/2010,6/5/2010,10/24/2010
1423,10,10,10,9,6/1/2010,9/9/2010,10/1/2010,
1424,9,9,8,10,4/19/2010,4/19/2010,4/21/2010,5/4/2010
1425,10,,9,10,5/28/2010,6/1/2010,9/20/2010,
1426,10,10,9,10,5/26/2010,5/31/2010,9/28/2010,
1427,9,9,,5,5/24/2010,5/31/2010,3/9/2011,
1428,,,10,9,6/29/2010,7/6/2010,8/7/2010,10/18/2010
1429,10,,10,,5/21/2010,6/1/2010,,
1430,10,,,,5/28/2010,6/2/2010,,
1431,,,,,11/15/2010,11/22/2010,,
1432,10,10,10,10,5/20/2010,5/24/2010,6/2/2010,
1433,10,10,10,,3/14/2010,4/27/2010,9/17/2010,
1434,8,8,,7,4/28/2010,5/3/2010,5/8/2010,5/14/2010
1435,10,10,,,5/25/2010,6/2/2010,,
1436,10,9,9,10,5/4/2010,5/13/2010,5/31/2010,10/26/2010
1437,10,9,10,10,9/15/2010,9/26/2010,10/1/2010,
1438,,,,,5/20/2010,5/31/2010,,
1439,10,,10,,5/31/2010,5/31/2010,,
1440,,10,10,10,5/23/2010,5/25/2010,5/28/2010,5/31/2010
1441,8,,,,5/21/2010,5/25/2010,8/12/2010,
1442,,,10,,5/27/2010,,,
1443,,,,,9/29/2010,,,
1444,10,,10,,2/18/2010,2/26/2010,3/9/2010,4/13/2010
1445,10,,,,4/20/2010,6/1/2010,,
1446,9,9,10,9,5/7/2010,4/27/2010,5/6/2010,5/16/2010
1447,10,10,10,9,3/18/2010,5/1/2010,8/23/2010,
1448,10,,,,3/26/2010,,,
1449,9,,9,9,4/2/2010,4/27/2010,5/19/2010,5/31/2010
1450,,10,10,10,9/23/2010,9/30/2010,10/1/2010,4/29/2011
1451,10,10,5,8,5/24/2010,11/11/2010,2/17/2011,
1452,10,,10,10,5/26/2010,5/31/2010,,
1453,10,10,9,10,5/25/2010,5/31/2010,9/8/2010,
1454,10,10,10,10,5/26/2010,6/3/2010,9/14/2010,
1455,,,,,6/7/2010,6/7/2010,10/14/2010,3/23/2011
1456,9,9,,,11/15/2010,11/30/2010,,
1457,10,,10,,6/1/2009,6/5/2009,6/10/2009,6/21/2009
1458,9,,10,,4/23/2010,5/17/2010,6/1/2010,
1459,10,10,10,9,3/1/2010,4/1/2010,,
1460,9,9,9,,3/3/2010,3/25/2010,5/17/2010,8/15/2010
1461,,,,,10/3/2010,10/19/2010,,
1462,10,10,,,5/10/2010,6/1/2010,9/14/2010,9/24/2010
1463,10,,,,4/16/2010,4/27/2010,5/3/2010,
1464,10,,,,10/22/2010,10/31/2010,3/30/2011,
1465,8,,,,5/3/2010,5/26/2010,,
1466,10,,,,5/30/2010,,,
1467,9,8,,,9/10/2010,9/14/2010,9/26/2010,
1468,10,,10,10,5/27/2010,9/21/2010,10/8/2010,
1469,10,10,10,8,7/19/2010,9/7/2010,,
1470,,10,,,5/20/2010,,,
1471,,,,,9/29/2010,10/13/2010,,
1472,,,,,10/6/2010,,,
1473,9,,,,10/8/2010,,,
1474,,,,,10/20/2010,,,
1475,10,,,,10/19/2010,,,
1476,10,,,10,11/1/2010,,,
1477,,,,,10/24/2010,11/1/2010,,
1478,10,,,,11/7/2010,11/11/2010,,
1479,9,,,,11/29/2010,4/6/2011,,
1480,10,9,9,,12/10/2010,12/23/2010,,
1481,9,,,,11/29/2010,5/31/2011,,
1482,8,10,9,9,5/24/2010,5/28/2010,6/2/2010,10/12/2010
1483,10,10,10,10,3/22/2010,5/24/2010,10/8/2010,
1484,9,10,10,10,9/7/2010,10/20/2010,,
1485,,10,,,10/20/2010,10/26/2010,2/18/2011,
1486,,9,,,10/18/2010,10/18/2010,10/18/2010,10/18/2010
1487,,,,10,9/23/2010,10/20/2010,10/28/2010,11/16/2010
1488,10,10,9,8,6/14/2010,6/18/2010,,
1489,,,,,10/21/2010,11/3/2010,,
1490,10,,10,,10/25/2010,10/25/2010,10/25/2010,2/2/2011
1491,10,10,10,,9/16/2010,10/7/2010,10/28/2010,
1492,10,10,10,10,5/18/2010,5/28/2010,6/2/2010,
1493,8,8,,9,5/18/2010,5/31/2010,10/14/2010,11/2/2010
1494,10,,,,9/16/2010,,,
1495,10,9,10,10,9/24/2010,,,
1496,,,,,6/8/2010,10/12/2010,,
1497,10,8,10,8,7/30/2010,10/19/2010,11/1/2010,
1498,10,,,10,2/2/2010,,,
1499,10,,,,10/21/2010,,,
1500,8,,,,9/20/2010,10/8/2010,10/13/2010,10/16/2010
1501,8,,,,10/8/2010,10/18/2010,10/22/2010,10/24/2010
1502,9,,,,2/8/2011,2/8/2011,,
1503,10,,10,,3/26/2010,4/26/2010,5/24/2010,6/8/2010
1504,10,,,10,5/1/2010,5/28/2010,,
1505,10,10,10,,5/15/2010,5/25/2010,6/1/2010,6/7/2010
1506,,,10,9,4/19/2010,,,
1507,9,10,10,10,5/25/2010,6/9/2010,6/15/2010,
1508,10,,,,10/6/2010,,,
1509,10,,10,,4/28/2010,5/19/2010,5/31/2010,
1510,10,10,10,10,10/5/2010,10/22/2010,,
1511,10,,,,10/27/2010,10/29/2010,,
1512,10,,,,1/8/2011,1/14/2011,,
1513,10,,,,12/3/2010,,,
1514,,,,,9/22/2010,,,
1515,10,9,10,10,5/11/2010,6/3/2010,,
1516,,9,,,11/2/2010,,,
1517,10,,,,9/28/2010,,,
1518,10,,,,10/5/2010,10/12/2010,,
1519,10,,,,11/15/2010,,,
1520,,,3,,11/15/2010,12/9/2010,,
1521,8,,,,9/7/2010,9/27/2010,10/13/2010,10/16/2010
1522,10,,,,,,,
1523,,8,9,10,5/27/2010,6/4/2010,10/4/2010,
1524,3,10,10,10,5/23/2010,6/1/2010,9/21/2010,
1525,10,,,,11/12/2010,11/30/2010,,
1526,10,10,9,10,4/14/2010,10/12/2010,,
1527,10,10,10,10,4/19/2010,4/20/2010,4/29/2010,5/12/2010
1528,8,,,10,3/2/2010,4/18/2010,5/25/2010,
1529,10,9,10,9,5/25/2010,6/1/2010,,
1530,10,,,10,9/23/2010,10/6/2010,,
1531,10,,,,5/10/2010,5/24/2010,5/27/2010,5/31/2010
1532,9,,10,10,5/11/2010,5/31/2010,,
1533,9,,,,4/3/2010,4/6/2010,10/18/2010,
1534,9,9,10,,10/30/2010,11/9/2010,,
1535,10,,,,1/10/2011,1/25/2011,1/25/2011,1/25/2011
1536,10,10,,10,10/6/2010,,,
1537,10,,,,5/28/2010,,,
1538,10,,10,,6/10/2010,,,
1539,10,7,,,9/2/2010,9/27/2010,,
1540,8,10,10,9,1/31/2011,,,
1541,9,,,,9/12/2010,9/19/2010,,
1542,,10,9,10,9/30/2010,,,
1543,,9,,,11/23/2010,,,
1544,10,,,,11/11/2010,11/14/2010,3/10/2011,
1545,10,,,,10/29/2010,11/4/2010,11/12/2010,
1546,8,9,5,,10/20/2010,10/26/2010,,
1547,5,,,,11/8/2010,6/1/2011,,
1548,9,,,,12/1/2010,12/17/2010,12/17/2010,12/17/2010
1549,6,,,,12/7/2010,12/13/2010,12/14/2010,12/16/2010
1550,10,9,,,12/28/2010,1/8/2011,1/10/2011,1/25/2011
1551,9,,,,2/14/2011,2/22/2011,2/22/2011,2/22/2011
1552,,,,,2/28/2010,3/23/2010,5/5/2010,5/25/2010
1553,,,10,,2/25/2010,5/13/2010,5/28/2010,6/2/2010
1554,,,5,8,5/28/2010,6/2/2010,6/2/2010,6/2/2010
1555,9,10,9,8,2/26/2011,2/27/2011,2/28/2011,3/7/2011
1556,10,9,10,9,6/2/2010,6/2/2010,6/2/2010,6/2/2010
1557,9,,,,10/7/2010,10/15/2010,10/20/2010,10/26/2010
1558,,10,,10,10/16/2010,10/23/2010,10/28/2010,11/3/2010
1559,2,,,,1/24/2011,1/24/2011,,
1560,,,,,9/21/2010,10/4/2010,10/25/2010,10/28/2010
1561,8,,,,10/27/2010,11/4/2010,11/11/2010,11/14/2010
1562,10,8,9,,3/1/2011,3/8/2011,3/29/2011,
1563,10,9,8,9,9/13/2010,9/21/2010,10/8/2010,
1564,10,,,,10/6/2010,10/13/2010,10/16/2010,
1565,9,,,,11/15/2010,11/19/2010,,
1566,10,,10,,11/15/2010,2/7/2011,,
1567,7,,9,8,5/13/2010,6/4/2010,9/30/2010,10/25/2010
1568,10,9,10,,5/25/2010,5/27/2010,10/26/2010,
1569,10,,10,,9/29/2010,10/15/2010,10/20/2010,
1570,10,10,10,10,5/5/2010,5/29/2010,6/1/2010,
1571,10,9,,,8/27/2010,9/14/2010,,
1572,10,,,,4/30/2010,5/6/2010,,
1573,10,8,10,,5/23/2010,9/13/2010,10/1/2010,10/15/2010
1574,10,10,9,8,10/22/2010,11/30/2010,,
1575,10,10,,10,11/1/2010,11/1/2010,11/1/2010,
1576,,,,,10/17/2010,,,
1577,8,,,,10/27/2010,10/28/2010,,
1578,,10,7,,9/20/2010,10/12/2010,12/27/2010,
1579,,,,,10/27/2010,11/3/2010,11/8/2010,11/13/2010
1580,9,,,,9/30/2010,10/13/2010,,
1581,10,,,,5/5/2011,5/5/2011,5/5/2011,5/5/2011
1582,8,9,9,,10/22/2010,10/30/2010,11/5/2010,
1583,,,,,12/8/2010,12/23/2010,2/4/2011,
1584,8,9,9,,10/13/2010,11/1/2010,11/9/2010,
1585,,,,,3/29/2011,3/29/2011,4/1/2011,4/5/2011
1586,10,10,10,10,5/26/2010,9/19/2010,3/3/2011,
1587,10,10,9,10,6/1/2010,10/12/2010,10/22/2010,10/29/2010
1588,10,,,,5/21/2010,,,
1589,10,,,,10/7/2010,10/18/2010,10/19/2010,
1590,,,,,3/18/2011,4/5/2011,4/11/2011,4/11/2011
1591,,,,,4/22/2011,4/22/2011,4/22/2011,4/22/2011
1592,,,,,11/19/2010,,,
1593,9,,10,,10/8/2010,10/12/2010,10/15/2010,
1594,,,,,1/9/2011,1/12/2011,1/12/2011,1/15/2011
1595,10,,,,5/5/2010,5/20/2010,6/2/2010,10/21/2010
1596,10,10,10,10,8/4/2010,10/6/2010,,
1597,10,,,,5/21/2010,5/25/2010,5/27/2010,5/28/2010
1598,,,,,12/29/2010,1/10/2011,,
1599,10,,,,5/25/2010,6/1/2010,10/5/2010,11/23/2010
1600,,,10,,9/12/2010,10/6/2010,,
1601,9,,,,9/6/2010,11/13/2010,,
1602,10,,10,,1/14/2011,2/22/2011,,
1603,,,,,10/8/2010,10/23/2010,10/29/2010,4/12/2011
1604,,10,,,9/28/2010,10/18/2010,,
1605,,,,,1/20/2011,1/29/2011,1/31/2011,2/1/2011
1606,10,10,10,,5/4/2010,6/1/2010,10/21/2010,
1607,10,10,10,10,6/4/2010,,,
1608,10,10,10,10,5/9/2010,5/23/2010,5/24/2010,5/27/2010
1609,9,,9,,5/9/2010,5/29/2010,10/24/2010,
1610,10,,,,7/9/2010,,,
1611,10,,10,2,12/1/2010,12/22/2010,,
1612,9,,,,11/14/2010,,,
1613,,,,,4/7/2010,4/21/2010,6/1/2010,
1614,10,10,10,10,6/6/2010,9/30/2010,10/12/2010,
1615,,,10,,6/1/2010,10/20/2010,,
1616,9,,,,5/11/2010,5/29/2010,6/2/2010,
1617,10,10,10,10,5/20/2010,5/31/2010,10/21/2010,
1618,9,,,,4/15/2010,4/16/2010,,
1619,,,,,9/8/2010,9/20/2010,9/24/2010,
1620,8,,,,4/15/2010,5/29/2010,6/1/2010,
1621,7,,,10,3/13/2010,,,
1622,10,10,9,,5/20/2010,6/1/2010,11/1/2010,12/18/2010
1623,10,10,10,,3/22/2010,5/1/2010,8/25/2010,10/18/2010
1624,,,,,6/8/2010,,,
1625,10,8,,,11/30/2010,,,
1626,10,,,10,8/31/2010,9/15/2010,,
1627,10,10,10,8,4/24/2010,5/26/2010,,
1628,10,10,10,9,4/15/2010,4/21/2010,8/7/2010,
1629,10,,,,5/30/2010,9/23/2010,10/4/2010,
1630,10,10,10,,8/31/2010,10/11/2010,,
1631,10,,,,,,,
1632,10,,,10,5/28/2010,,,
1633,10,10,10,10,3/18/2010,4/9/2010,4/5/2010,5/27/2010
1634,10,,,,6/1/2010,,,
1635,10,10,10,10,3/29/2010,5/17/2010,6/2/2010,6/2/2010
1636,10,10,,10,5/24/2010,,,
1637,10,,,,9/30/2010,9/30/2010,,
1638,10,,,,10/20/2010,11/1/2010,,
1639,10,10,,,6/2/2010,9/21/2010,10/1/2010,10/4/2010
1640,10,8,10,10,10/4/2010,11/29/2010,,
1641,,,,8,5/13/2010,5/26/2010,6/9/2010,6/9/2010
1642,10,10,10,10,5/26/2010,,,
1643,,,,,10/26/2010,,,
1644,,,10,9,5/31/2010,6/2/2010,6/8/2010,9/29/2010
1645,8,,,,10/3/2010,,,
1646,8,8,,9,9/29/2010,,,
1647,10,10,,8,9/14/2010,10/14/2010,,
1648,10,,,,5/28/2010,6/8/2010,,
1649,10,10,10,,3/3/2010,5/11/2010,4/6/2010,5/7/2010
1650,10,10,10,9,9/30/2010,10/25/2010,11/10/2010,
1651,10,10,,,5/22/2010,9/21/2010,10/19/2010,
1652,10,10,10,10,9/24/2010,10/14/2010,2/25/2011,
1653,,,,,11/9/2010,,,
1654,,,9,10,2/4/2010,4/21/2010,5/1/2010,
1655,10,,10,10,9/1/2010,9/30/2010,10/13/2010,
1656,8,9,10,10,5/17/2010,5/25/2010,5/30/2010,9/15/2010
1657,10,10,,10,4/26/2010,5/6/2010,5/16/2010,5/28/2010
1658,,,,,9/20/2010,9/28/2010,9/29/2010,10/1/2010
1659,8,9,,,9/29/2010,10/4/2010,10/4/2010,
1660,8,,,,5/11/2010,5/21/2010,5/31/2010,6/1/2010
1661,,9,10,,10/4/2010,10/13/2010,10/31/2010,1/21/2011
1662,,,,9,4/12/2010,4/12/2010,4/12/2010,4/12/2010
1663,,10,,,6/8/2010,6/9/2010,6/9/2010,
1664,10,10,10,8,12/20/2010,1/7/2011,1/25/2011,
1665,,10,,,10/7/2010,10/14/2010,10/18/2010,10/20/2010
1666,,,9,,12/7/2010,12/30/2010,,
1667,10,10,10,10,3/1/2010,5/28/2010,9/27/2010,10/25/2010
1668,7,,9,,11/18/2009,5/24/2010,11/18/2009,11/18/2009
1669,,,,,5/28/2010,,,
1670,10,,,,2/3/2011,2/10/2011,2/10/2011,2/15/2011
1671,10,,9,,3/21/2010,4/29/2010,4/30/2010,
1672,10,,,,5/3/2010,9/21/2010,10/18/2010,
1673,10,10,8,10,10/5/2010,,,
1674,10,10,,,10/13/2010,,,
1675,,,,,5/21/2010,10/6/2010,,
1676,8,8,,,5/28/2010,10/6/2010,,
1677,10,10,10,10,10/18/2010,11/1/2010,11/12/2010,
1678,10,,10,10,9/30/2010,10/10/2010,10/13/2010,10/15/2010
1679,10,,10,,3/17/2010,4/21/2010,5/28/2010,9/13/2010
1680,10,10,10,9,8/3/2010,,,
1681,10,8,,,11/16/2010,,,
1682,10,,10,,4/26/2010,5/10/2010,5/27/2010,
1683,8,9,10,10,9/22/2010,10/29/2010,,
1684,10,10,10,10,5/12/2010,5/27/2010,9/8/2010,2/25/2011
1685,10,8,,,6/9/2010,6/9/2010,8/24/2010,
1686,9,10,,,6/1/2010,6/6/2010,10/14/2010,
1687,10,10,,,10/12/2010,10/15/2010,,
1688,10,10,,9,11/17/2010,,,
1689,9,6,5,7,9/17/2010,10/16/2010,10/29/2010,
1690,8,,8,,10/21/2010,11/29/2010,,
1691,10,,,,11/22/2010,12/3/2010,,
1692,,,,10,5/26/2010,6/14/2010,6/14/2010,6/4/2010
1693,10,10,10,10,3/26/2010,4/9/2010,5/25/2010,5/21/2010
1694,,9,9,,5/26/2010,9/20/2010,10/4/2010,
1695,10,10,10,10,9/21/2010,9/24/2010,9/27/2010,9/30/2010
1696,8,9,,9,9/29/2010,10/19/2010,,
1697,,10,,,5/24/2010,,,
1698,10,,,,12/2/2010,,,
1699,7,,9,,2/23/2010,3/4/2010,5/10/2010,6/17/2010
1700,10,,,,9/30/2010,10/31/2010,,
1701,10,10,9,10,5/28/2010,10/6/2010,,
1702,10,,,,11/24/2009,9/7/2010,9/17/2010,
1703,,8,,10,5/24/2010,,,
1704,8,,,,3/5/2010,3/12/2010,3/27/2010,4/30/2010
1705,9,,8,9,5/27/2010,6/1/2010,,
1706,10,,10,,4/8/2010,5/24/2010,11/6/2010,
1707,10,7,,,9/9/2010,9/17/2010,,
1708,10,10,10,10,5/26/2010,8/29/2010,10/3/2010,10/28/2010
1709,10,,,,5/14/2010,5/27/2010,,
1710,,,,10,9/24/2010,,,
1711,8,10,6,10,10/27/2010,,,
1712,,,,,11/3/2010,11/15/2010,3/5/2011,
1713,10,,,,6/5/2010,,,
1714,8,,,,4/19/2010,5/26/2010,6/30/2010,
1715,8,,9,,4/19/2010,5/17/2010,6/2/2010,
1716,,,,,4/14/2010,10/8/2010,,
1717,6,6,5,6,9/14/2010,10/4/2010,10/23/2010,10/31/2010
1718,,,,,10/8/2010,10/24/2010,,
1719,10,,,10,10/8/2010,10/15/2010,10/25/2010,
1720,,,,,11/11/2010,11/15/2010,11/18/2010,11/20/2010
1721,8,,10,,11/8/2010,11/14/2010,11/15/2010,11/18/2010
1722,10,,,,3/17/2010,3/31/2010,10/25/2010,
1723,10,,10,10,4/23/2010,5/12/2010,5/12/2010,5/18/2010
1724,10,,,,6/21/2010,9/13/2010,,
1725,,,,,8/8/2010,,,
1726,10,10,10,10,5/28/2010,6/1/2010,,
1727,9,,10,8,10/31/2010,11/8/2010,11/11/2010,
1728,10,10,10,10,12/9/2010,,,
1729,10,10,10,9,11/7/2010,11/14/2010,,
1730,9,,,,12/17/2010,,,
1731,10,10,,,10/12/2010,,,
1732,10,10,10,,10/20/2010,11/5/2010,,
1733,,10,,,,,,
1734,10,,,10,1/24/2011,,,
1735,10,,10,,4/3/2010,5/31/2010,10/7/2010,
1736,10,,,,5/19/2010,6/1/2010,,
1737,10,9,10,,9/30/2010,10/12/2010,10/12/2010,10/23/2010
1738,10,10,,10,5/28/2010,6/1/2010,6/8/2010,
1739,10,10,,,5/11/2010,5/24/2010,5/29/2010,8/9/2010
1740,,,,,11/15/2010,,,
1741,8,,,,10/19/2010,11/10/2010,,
1742,9,9,9,,4/26/2010,5/22/2010,5/31/2010,6/28/2011
1743,9,10,10,9,10/11/2010,10/22/2010,11/6/2010,
1744,7,10,,10,6/1/2010,11/14/2010,,
1745,9,,,,4/19/2010,4/28/2010,9/17/2010,
1746,,,,,5/22/2010,5/27/2010,11/1/2010,
1747,10,10,9,,5/18/2010,5/26/2010,6/1/2010,9/21/2010
1748,9,,,,5/21/2010,5/28/2010,,
1749,,,,8,6/1/2010,9/30/2010,10/4/2010,
1750,10,10,9,10,5/29/2010,,,
1751,,,9,,10/27/2010,,,
1752,8,9,10,10,5/12/2010,5/27/2010,5/31/2010,
1753,10,10,10,10,3/21/2010,4/9/2010,5/24/2010,6/2/2010
1754,10,,9,,9/29/2010,10/7/2010,,
1755,,9,,8,6/13/2010,6/24/2010,8/30/2010,9/14/2010
1756,8,,,,12/1/2010,,,
1757,10,,,,6/2/2010,9/28/2010,,
1758,,9,,,9/25/2010,10/12/2010,11/12/2010,
1759,5,7,,7,9/10/2010,,,
1760,10,,,,5/29/2010,,,
1761,9,,9,,9/21/2010,9/30/2010,1/23/2011,
1762,,,10,,10/15/2010,,,
1763,,,10,10,4/29/2010,10/21/2010,,
1764,10,,,,5/27/2010,6/3/2010,,
1765,9,9,9,8,4/7/2010,9/29/2010,1/2/2011,
1766,8,,,,5/6/2010,6/2/2010,,
1767,,,,,9/27/2010,,,
1768,10,,,,5/31/2010,6/1/2010,10/22/2010,
1769,10,10,,,10/1/2010,10/12/2010,10/18/2010,
1770,8,,,9,4/28/2010,5/7/2010,5/31/2010,9/30/2010
1771,10,,9,,6/8/2010,5/6/2011,,
1772,2,8,,,11/1/2010,,,
1773,10,,,,5/14/2010,5/24/2010,5/30/2010,
1774,10,,,10,5/25/2010,10/26/2010,,
1775,,,,,10/16/2010,,,
1776,10,,,,10/1/2010,10/24/2010,,
1777,10,,,,4/30/2010,5/22/2010,,
1778,10,,,,9/17/2010,10/8/2010,10/19/2010,
1779,9,,,,9/23/2010,10/1/2010,,
1780,,,,,5/31/2010,,,
1781,,,,,6/1/2010,,,
1782,10,,,,10/29/2010,11/10/2010,,
1783,5,,,10,5/23/2010,5/27/2010,6/1/2010,
1784,,,,,9/22/2010,,,
1785,9,10,10,10,10/21/2010,10/21/2010,10/21/2010,10/23/2010
1786,9,,7,,5/6/2010,6/1/2010,6/4/2010,10/19/2010
1787,10,10,,,6/5/2010,10/5/2010,10/31/2010,
1788,9,8,9,,4/27/2010,5/21/2010,,
1789,10,,,,9/22/2010,,,
1790,10,10,9,9,10/7/2010,10/13/2010,11/11/2010,
1791,8,10,10,,10/5/2010,10/21/2010,,
1792,,,,,10/14/2010,10/15/2010,,
1793,10,8,9,10,9/27/2010,10/6/2010,10/17/2010,10/21/2010
1794,9,9,9,9,6/8/2010,10/12/2010,,
1795,8,7,,,9/28/2010,10/21/2010,,
1796,7,10,10,8,5/18/2010,5/22/2010,5/28/2010,5/31/2010
1797,10,10,10,,9/6/2010,,,
1798,7,6,,,9/25/2010,10/12/2010,,
1799,10,,,,5/24/2010,,,
1800,8,8,7,,5/16/2010,6/2/2010,,
1801,10,,,,10/24/2010,,,
1802,,,,,10/12/2010,,,
1803,8,,9,,9/14/2010,9/20/2010,,
1804,10,,,10,9/30/2010,,,
1805,10,,,,9/15/2010,,,
1806,10,,,,9/16/2010,9/24/2010,10/1/2010,
1807,9,,,,10/25/2010,10/30/2010,,
1808,9,,,,10/8/2010,10/12/2010,10/15/2010,
1809,,,,,10/12/2010,10/29/2010,,
1810,10,,,10,9/16/2010,9/21/2010,9/29/2010,10/8/2010
1811,8,,,,10/6/2010,10/11/2010,,
1812,10,9,8,,9/22/2010,10/8/2010,,
1813,,,,,10/4/2010,10/12/2010,10/30/2010,
1814,9,,,,10/13/2010,,,
1815,,,,,10/20/2010,,,
1816,10,,,,10/15/2010,,,
1817,9,,,8,10/25/2010,10/31/2010,,
1818,,,,,10/29/2010,,,
1819,,,,10,10/19/2010,10/25/2010,10/28/2010,
1820,,,,,11/4/2010,,,
1821,10,,,,10/28/2010,11/3/2010,2/23/2011,
1822,,,,,11/23/2010,,,
1823,,,,,11/21/2010,12/1/2010,,
1824,10,,,,1/14/2011,1/24/2011,,
1825,10,9,10,9,5/23/2010,6/1/2010,9/16/2010,12/7/2010
1826,9,,,,10/5/2010,10/14/2010,11/1/2010,
1827,10,10,10,10,5/4/2010,6/1/2010,9/27/2010,
1828,10,,9,,8/28/2010,11/16/2010,,
1829,,10,10,,6/7/2010,,,
1830,8,,,,6/17/2010,10/1/2010,,
1831,8,,,,9/9/2010,9/16/2010,9/20/2010,9/22/2010
1832,10,10,10,,1/16/2010,3/3/2010,5/28/2010,9/7/2010
1833,10,10,,,9/28/2010,,,
1834,,,,,10/22/2010,,,
1835,,,,,10/8/2010,,,
1836,9,8,,,9/21/2010,12/9/2010,,
1837,10,8,,,5/27/2010,10/13/2010,,
1838,8,,,,5/21/2010,,,
1839,,,,,5/26/2010,5/30/2010,6/2/2010,
1840,8,8,,,9/30/2010,10/30/2010,,
1841,9,10,9,10,10/7/2010,10/13/2010,10/14/2010,10/18/2010
1842,9,,,8,10/29/2010,,,
1843,,10,10,10,5/20/2010,5/26/2010,6/7/2010,3/7/2011
1844,8,,7,,5/31/2010,6/15/2010,,
1845,10,,10,,3/26/2010,4/9/2010,4/12/2010,
1846,,,,,4/27/2011,,,
1847,8,10,,,10/18/2010,10/28/2010,,
1848,9,10,,,10/6/2010,5/3/2011,,
1849,,,,,9/22/2010,,,
1850,9,,,,9/20/2010,9/27/2010,10/12/2010,
1851,10,,,,9/24/2010,,,
1852,10,8,,,10/3/2010,,,
1853,,,,10,10/4/2010,,,
1854,,10,10,10,10/1/2010,10/8/2010,10/17/2010,
1855,,,,,10/12/2010,,,
1856,8,9,,,9/29/2010,10/16/2010,,
1857,10,,,,10/22/2010,10/31/2010,,
1858,10,,,,11/18/2010,,,
1859,9,10,8,10,12/2/2010,12/9/2010,,
1860,7,10,10,,10/11/2010,10/15/2010,,
1861,10,,,,11/12/2010,11/17/2010,,
1862,,,,,6/4/2010,10/18/2010,,
1863,,10,,8,9/10/2010,11/24/2010,,
1864,10,,,,10/3/2010,10/16/2010,,
1865,7,,,,10/25/2010,11/3/2010,,
1866,9,,,,11/18/2010,12/1/2010,,
1867,9,,,10,12/10/2010,12/17/2010,,
1868,10,,10,,6/10/2010,6/14/2010,,
1869,,,,,4/25/2011,4/25/2011,4/25/2011,4/25/2011
1870,,,,,9/21/2010,10/5/2010,10/18/2010,10/26/2010
1871,9,,8,8,4/19/2010,4/28/2010,5/31/2010,
1872,,10,10,,9/23/2010,5/17/2011,,
1873,9,10,10,9,4/30/2010,5/30/2010,10/27/2010,
1874,,9,10,9,1/15/2011,2/10/2011,,
1875,10,10,10,10,3/31/2010,4/6/2010,4/19/2010,5/24/2010
1876,10,,,,4/23/2010,5/28/2010,6/7/2010,
1877,10,,10,,5/4/2010,5/17/2010,5/27/2010,6/7/2010
1878,10,8,,,10/1/2010,,,
1879,10,,,10,5/29/2010,6/1/2010,8/12/2010,11/4/2010
1880,10,,,,4/12/2010,5/1/2010,10/15/2010,
1881,,,,,11/14/2010,,,
1882,,10,10,10,10/11/2010,,,
1883,10,10,10,10,3/25/2010,3/25/2010,3/25/2010,3/29/2010
1884,10,10,,,10/15/2010,10/27/2010,11/15/2010,
1885,9,8,10,,9/9/2010,,,
1886,10,10,10,,9/20/2010,10/25/2010,,
1887,10,10,,,12/7/2010,12/10/2010,12/16/2010,12/22/2010
1888,10,,,,10/5/2010,10/15/2010,10/20/2010,10/22/2010
1889,,,,,5/31/2010,6/1/2010,6/8/2010,
1890,10,10,,,5/14/2010,6/7/2010,11/17/2010,
1891,,10,,,11/29/2010,11/29/2010,11/29/2010,11/29/2010
1892,,8,,,3/9/2011,,,
1893,10,10,,,10/9/2010,10/19/2010,12/1/2010,
1894,10,,,,9/30/2010,10/18/2010,,
1895,,,,,10/13/2010,10/26/2010,,
1896,9,,,,10/21/2010,10/27/2010,11/7/2010,11/13/2010
1897,,,,,11/20/2010,11/23/2010,,
1898,10,9,9,9,1/24/2011,2/9/2011,2/11/2011,6/2/2011
1899,,,,,3/29/2011,3/29/2011,3/29/2011,3/29/2011
1900,10,9,10,9,10/8/2010,10/16/2010,10/23/2010,10/28/2010
1901,6,10,10,,1/12/2011,1/12/2011,1/12/2011,1/12/2011
1902,,10,,,9/30/2010,10/12/2010,,
1903,7,,,,11/29/2010,11/29/2010,11/29/2010,12/7/2010
1904,,,,,3/10/2011,3/10/2011,3/10/2011,4/6/2011
1905,10,,10,,5/26/2010,,,
1906,9,9,10,8,5/31/2010,10/14/2010,,
1907,10,,6,,4/19/2010,10/26/2010,,
1908,10,9,9,,5/2/2010,5/20/2010,5/28/2010,10/10/2010
1909,,8,,,10/1/2010,,,
1910,9,,10,,2/25/2010,3/30/2010,,
1911,9,8,10,10,5/11/2010,6/1/2010,,
1912,10,,,,9/21/2010,10/11/2010,10/15/2010,
1913,,,10,,10/12/2010,10/15/2010,,
1914,,10,10,,10/20/2010,,,
1915,9,10,8,,9/30/2010,,,
1916,7,8,,,10/7/2010,,,
1917,10,,,,9/24/2010,9/29/2010,,
1918,,,,,10/3/2010,4/18/2011,,
1919,,,,,9/16/2010,9/29/2010,,
1920,10,,,,,,,
1921,10,,,,11/18/2010,11/22/2010,11/30/2010,12/3/2010
1922,8,,,,4/2/2010,4/19/2010,4/30/2010,5/25/2010
1923,,10,9,,3/15/2011,3/15/2011,3/16/2011,3/23/2011
1924,10,,,,10/17/2010,10/21/2010,10/22/2010,10/25/2010
1925,,,,,2/23/2011,2/28/2011,3/2/2011,3/4/2011
1926,9,,9,9,3/16/2010,5/24/2010,5/31/2010,
1927,8,9,9,,10/15/2010,10/30/2010,11/5/2010,
1928,8,9,9,,10/15/2010,11/2/2010,5/12/2011,
1929,9,,,,10/20/2010,10/28/2010,11/4/2010,12/3/2010
1930,9,,10,,1/25/2010,4/7/2010,6/4/2010,
1931,8,10,10,,10/27/2010,11/4/2010,11/9/2010,11/13/2010
1932,,,,,9/23/2010,10/9/2010,10/14/2010,11/3/2010
1933,8,9,9,9,6/11/2010,,,
1934,10,,10,,6/1/2010,10/15/2010,,
1935,10,,10,,11/30/2010,,,
1936,10,,,,11/1/2010,11/15/2010,,
1937,10,9,,,9/27/2010,10/22/2010,,
1938,10,,,,3/24/2011,4/8/2011,4/8/2011,
1939,10,,,10,5/12/2010,,,
1940,,,,,11/10/2010,11/17/2010,11/19/2010,11/23/2010
1941,10,,10,,11/30/2010,,,
1942,10,10,,,3/8/2011,3/16/2011,3/18/2011,4/11/2011
1943,,,,,5/9/2011,5/9/2011,5/9/2011,5/9/2011
1944,10,10,,7,10/7/2010,,,
1945,10,,,,9/27/2010,10/6/2010,,
1946,9,,9,,3/22/2010,4/5/2010,4/9/2010,
1947,10,10,10,,9/21/2010,10/15/2010,,
1948,10,8,,,10/28/2010,,,
1949,9,10,10,,10/16/2010,11/28/2010,,
1950,9,,,,5/24/2010,6/2/2010,,
1951,10,10,,,11/5/2010,11/5/2010,,
1952,9,10,8,8,5/10/2010,5/10/2010,5/11/2010,5/12/2010
1953,,7,,,5/25/2010,10/21/2010,,
1954,10,,10,,10/19/2010,10/19/2010,,
1955,,,9,,10/20/2010,,,
1956,10,,,,9/1/2010,,,
1957,,,,10,5/24/2010,10/3/2010,4/11/2011,
1958,,,,10,4/1/2010,5/7/2010,5/12/2011,
1959,,10,,,10/13/2010,,,
1960,9,,,,4/13/2010,,,
1961,10,9,9,10,5/20/2010,5/24/2010,5/28/2010,6/1/2010
1962,8,,,,9/3/2010,10/5/2010,,
1963,6,,,1,2/2/2011,2/25/2011,,
1964,10,10,,,4/28/2010,5/15/2010,,
1965,8,9,7,,5/29/2010,6/11/2010,,
1966,9,10,8,8,5/3/2010,5/13/2010,5/28/2010,9/23/2010
1967,10,8,10,8,9/13/2010,10/20/2010,,
1968,7,9,,,10/11/2010,10/24/2010,4/14/2011,
1969,10,9,9,8,4/30/2010,5/14/2010,5/31/2010,
1970,9,,,,5/10/2010,10/24/2010,,
1971,9,10,,,9/21/2010,10/24/2010,11/8/2010,
1972,10,,,,9/21/2010,,,
1973,,10,,8,10/14/2010,,,
1974,8,,,,10/3/2010,11/9/2010,,
1975,10,,,,9/30/2010,10/18/2010,10/25/2010,
1976,,10,,,10/29/2010,,,
1977,10,,10,,2/15/2010,2/15/2010,3/5/2010,4/27/2010
1978,10,,,,4/19/2011,,,
1979,10,,,,11/14/2010,,,
1980,10,10,10,,10/31/2010,11/14/2010,,
1981,10,10,10,10,5/13/2010,7/6/2010,,
1982,10,,,,11/29/2010,,,
1983,10,,,,5/18/2010,5/28/2010,,
1984,10,,,,9/30/2010,11/8/2010,,
1985,9,10,,,3/4/2010,5/27/2010,6/7/2010,
1986,10,,,,9/17/2010,9/30/2010,10/3/2010,
1987,,,,,5/14/2010,5/18/2010,5/26/2010,9/16/2010
1988,10,10,10,9,3/23/2010,3/30/2010,4/29/2010,
1989,8,,9,,5/24/2010,5/29/2010,10/29/2010,
1990,10,,,,5/24/2010,6/9/2010,,
1991,10,,,,11/2/2010,11/17/2010,,
1992,10,10,10,10,11/5/2010,,,
1993,9,8,,,10/9/2010,10/19/2010,10/27/2010,
1994,10,,8,,5/19/2010,6/1/2011,,
1995,6,,,10,4/22/2010,4/27/2010,,
1996,10,,,,9/29/2010,10/5/2010,,
1997,,,,,11/1/2010,,,
1998,9,,,,11/4/2010,11/19/2010,6/6/2011,
1999,10,10,8,7,5/1/2010,9/3/2010,10/21/2010,
2000,10,,10,,4/26/2010,5/26/2010,5/31/2010,12/28/2010
2001,10,10,10,10,3/5/2010,4/7/2010,6/1/2010,
2002,10,5,9,8,4/29/2010,5/17/2010,5/20/2010,5/28/2010
2003,,,8,9,6/1/2010,,,
2004,10,,10,10,2/19/2010,10/2/2010,10/5/2010,6/9/2011
2005,10,10,10,9,5/27/2010,6/2/2010,2/28/2011,
2006,10,10,10,,9/20/2010,10/18/2010,,
2007,10,,10,10,5/22/2010,5/28/2010,6/8/2010,
2008,8,10,,9,5/23/2010,6/1/2010,,
2009,,,10,10,5/18/2010,6/8/2010,,
2010,10,,,10,5/25/2010,6/11/2010,11/8/2010,
2011,10,9,,,5/3/2010,5/24/2010,9/28/2010,11/5/2010
2012,7,,,,6/9/2010,5/23/2011,,
2013,,,,,9/28/2010,,,
2014,10,10,10,10,4/26/2010,5/16/2010,5/30/2010,10/7/2010
2015,10,10,,,10/6/2010,10/30/2010,,
2016,,,,,6/14/2010,10/29/2010,,
2017,9,10,10,10,5/25/2010,9/15/2010,10/15/2010,
2018,,10,10,10,6/1/2010,10/17/2010,10/25/2010,
2019,10,10,10,9,5/29/2010,6/1/2010,10/13/2010,
2020,,10,,,5/28/2010,9/21/2010,10/1/2010,
2021,10,10,,9,5/26/2010,6/1/2010,6/8/2010,2/25/2011
2022,9,,,,10/4/2010,10/20/2010,,
2023,,10,8,,5/31/2010,6/4/2010,9/19/2010,10/10/2010
2024,10,10,9,10,10/21/2010,11/4/2010,11/22/2010,
2025,,,,,5/28/2010,6/1/2010,,
2026,8,8,,,3/12/2010,3/30/2010,5/22/2010,
2027,10,,10,8,3/25/2011,,,
2028,8,,10,,4/27/2010,5/22/2010,6/1/2010,1/30/2011
2029,10,,,,4/26/2010,4/26/2010,,
2030,10,,,,11/12/2010,,,
2031,10,10,10,10,11/6/2010,11/13/2010,11/21/2010,
2032,8,9,,,11/3/2010,11/9/2010,12/1/2010,
2033,10,,8,,5/19/2010,5/29/2010,6/1/2010,3/18/2011
2034,10,8,10,,5/20/2010,10/26/2010,11/2/2010,
2035,8,,10,,5/14/2010,5/30/2010,10/13/2010,
2036,10,10,9,9,5/26/2010,8/11/2010,9/25/2010,
2037,10,,,,10/11/2010,,,
2038,10,9,10,,11/15/2010,12/6/2010,,
2039,,9,10,9,5/25/2010,6/1/2010,,
2040,,10,,10,10/13/2010,10/20/2010,10/29/2010,11/1/2010
2041,9,,,10,9/20/2010,10/4/2010,10/11/2010,10/14/2010
2042,7,,,,9/27/2010,10/1/2010,,
2043,10,,,,1/31/2011,,,
2044,10,10,10,10,9/29/2010,10/11/2010,10/18/2010,10/26/2010
2045,10,10,10,,5/31/2010,6/7/2010,10/6/2010,
2046,10,10,,,11/1/2010,,,
2047,10,,,,6/9/2010,,,
2048,,,,,11/18/2010,11/18/2010,11/18/2010,
2049,10,,,,10/15/2010,10/28/2010,,
2050,7,,,,10/19/2010,11/2/2010,11/13/2010,11/18/2010
2051,9,,,,11/9/2010,,,
2052,,,,,3/6/2011,,,
2053,10,,,10,5/24/2010,6/2/2010,9/13/2010,10/1/2010
2054,,,10,,4/24/2010,5/10/2010,5/3/2010,5/18/2010
2055,,,,,5/6/2010,1/2/2011,,
2056,,,,,5/19/2010,6/2/2010,,
2057,,,9,,4/13/2010,4/13/2010,,
2058,10,9,10,,9/23/2010,10/5/2010,10/14/2010,10/29/2010
2059,,,,,10/26/2010,,,
2060,8,,,,12/10/2010,,,
2061,10,10,,10,4/28/2011,4/28/2011,4/28/2011,
2062,10,10,10,,5/26/2010,9/23/2010,,
2063,8,8,10,10,6/1/2010,10/11/2010,,
2064,10,,,,5/14/2010,,,
2065,10,,,,5/19/2010,4/21/2011,,
2066,,,,,3/10/2011,3/10/2011,3/10/2011,3/10/2011
2067,,,,,11/19/2010,,,
2068,10,10,10,10,4/30/2010,5/20/2010,5/27/2010,6/15/2010
2069,,,,10,5/30/2010,6/1/2010,,
2070,,,9,10,5/13/2010,5/27/2010,6/21/2010,
2071,10,,,,4/9/2010,5/5/2010,,
2072,9,10,9,,5/27/2010,6/1/2010,10/5/2010,
2073,,10,,10,9/29/2010,,,
2074,10,9,10,10,10/4/2010,10/29/2010,,
2075,10,10,8,10,11/9/2010,1/6/2011,1/14/2011,1/24/2011
2076,10,,10,,11/8/2010,,,
2077,10,6,10,,1/3/2011,1/19/2011,1/21/2011,2/28/2011
2078,6,10,,,5/21/2010,6/1/2010,,
2079,10,,,,6/6/2010,6/29/2010,,
2080,10,9,,,5/28/2010,,,
2081,10,,,10,10/1/2010,10/14/2010,,
2082,,,8,,5/31/2010,6/8/2010,9/29/2010,
2083,10,,10,10,2/23/2010,10/26/2010,,
2084,,10,,,9/24/2010,1/7/2011,,
2085,8,,,,10/11/2010,10/18/2010,10/20/2010,
2086,,,9,8,11/30/2010,,,
2087,,10,9,8,5/26/2010,,,
2088,,10,10,8,5/31/2010,6/8/2010,1/20/2011,
2089,8,,9,,4/26/2010,4/25/2010,6/2/2010,
2090,,,9,10,3/9/2010,3/26/2010,5/27/2010,6/8/2010
2091,10,,,,5/17/2010,5/30/2010,,
2092,9,,,,5/25/2010,5/31/2010,,
2093,10,,,,10/19/2010,,,
2094,10,,,,5/20/2010,6/2/2010,,
2095,10,10,9,10,10/11/2010,,,
2096,10,10,10,,5/27/2010,,,
2097,,,8,8,11/1/2010,,,
2098,9,,,,5/28/2010,11/12/2010,,
2099,,,,,7/26/2010,7/26/2010,12/4/2010,
2100,10,10,,,9/21/2010,10/13/2010,10/21/2010,
2101,10,10,,,9/27/2010,,,
2102,10,,,,10/9/2010,10/13/2010,10/18/2010,
2103,10,,,,10/29/2010,11/19/2010,,
2104,,,,,11/3/2010,11/7/2010,11/12/2010,
2105,9,,10,,11/17/2010,12/15/2010,,
2106,,,,,11/19/2010,,,
2107,9,9,,,11/23/2010,,,
2108,10,,10,,5/28/2010,6/1/2010,,
2109,9,,,,12/15/2010,,,
2110,10,,,10,5/12/2010,5/30/2010,,
2111,10,,10,10,3/17/2010,3/25/2010,4/12/2010,
2112,10,,9,,2/23/2010,,,
2113,9,,10,,10/10/2010,11/15/2010,,
2114,10,10,,7,4/17/2010,5/24/2010,6/2/2010,1/28/2011
2115,10,10,9,9,5/19/2010,5/25/2010,5/31/2010,6/2/2010
2116,9,10,9,,9/23/2010,3/30/2011,,
2117,,,,,6/8/2009,6/9/2009,,
2118,,,10,10,12/10/2009,4/26/2011,,
2119,10,,,,4/23/2010,10/1/2010,,
2120,8,,10,8,10/8/2010,3/28/2011,,
2121,,,,,11/17/2009,2/17/2010,,
2122,10,,,,5/4/2010,,,
2123,10,,,,6/1/2010,,,
2124,7,,,,9/23/2010,10/13/2010,,
2125,10,,,,9/27/2010,,,
2126,10,10,,,10/8/2010,,,
2127,10,,,,10/27/2010,,,
2128,,,,,11/1/2010,,,
2129,9,,,,10/21/2010,,,
2130,,10,9,,6/1/2010,6/14/2010,9/21/2010,10/25/2010
2131,10,10,10,10,6/1/2010,6/12/2010,10/15/2010,
2132,10,10,10,10,6/6/2010,6/11/2010,10/11/2010,
2133,,,9,,9/14/2010,9/22/2010,,
2134,,10,9,8,5/31/2010,10/5/2010,,
2135,8,9,,,6/1/2010,,,
2136,10,,,,5/20/2010,5/27/2010,,
2137,10,,,8,6/11/2010,10/5/2010,11/6/2010,
2138,,,,,6/14/2010,,,
2139,9,10,,9,6/1/2010,12/1/2010,,
2140,,,,,10/30/2010,11/3/2010,,
2141,9,10,9,,4/30/2010,5/9/2010,5/25/2010,9/28/2010
2142,10,10,10,10,5/23/2010,10/3/2010,,
2143,10,10,,,10/18/2010,,,
2144,10,10,10,,5/29/2010,5/3/2011,,
2145,9,,,,4/15/2010,4/23/2010,,
2146,10,10,10,10,5/24/2010,5/31/2010,7/1/2010,10/18/2010
2147,10,,,9,6/14/2010,,,
2148,,,,,4/1/2010,4/29/2010,5/3/2010,5/30/2010
2149,9,10,7,9,10/12/2010,,,
2150,10,,,,9/21/2010,10/5/2010,10/8/2010,
2151,9,,10,,5/18/2010,10/14/2010,,
2152,10,9,,,10/1/2010,10/22/2010,,
2153,7,,,10,6/10/2010,9/17/2010,9/27/2010,
2154,9,8,9,6,8/2/2010,10/1/2010,10/11/2010,10/26/2010
2155,9,,,,5/26/2010,6/1/2010,,
2156,,,,,5/7/2010,5/10/2010,5/18/2010,6/2/2010
2157,10,9,10,9,3/9/2010,5/17/2010,8/22/2010,10/13/2010
2158,10,,,,9/21/2010,10/4/2010,10/19/2010,5/9/2011
2159,8,10,,,10/30/2010,11/4/2010,,
2160,10,,10,7,5/20/2010,9/25/2010,10/15/2010,
2161,7,,10,10,5/31/2010,6/1/2010,,
2162,9,9,9,,5/31/2010,,,
2163,,,,,6/1/2010,,,
2164,,,,,5/10/2010,5/31/2010,,
2165,10,10,9,,5/25/2010,9/15/2010,,
2166,7,10,,,9/30/2010,10/13/2010,,
2167,9,,10,,4/28/2010,5/26/2010,6/4/2010,10/30/2010
2168,10,10,,,9/20/2010,9/21/2010,,
2169,10,10,,,9/11/2010,,,
2170,,,,7,9/10/2010,,,
2171,10,,,,10/18/2010,,,
2172,,,,,11/18/2010,11/18/2010,11/18/2010,11/18/2010
2173,9,8,,10,5/28/2010,6/7/2010,,
2174,9,,9,10,4/30/2010,5/18/2010,5/31/2010,6/10/2010
2175,10,10,10,10,5/19/2010,6/4/2010,10/29/2010,
2176,10,10,,,9/21/2010,10/12/2010,10/22/2010,10/27/2010
2177,,10,,,6/6/2010,6/16/2010,12/8/2010,
2178,,,,,10/21/2010,11/1/2010,4/21/2011,
2179,10,10,,,9/28/2010,10/8/2010,,
2180,10,10,10,10,3/16/2010,3/16/2010,3/16/2010,3/17/2010
2181,8,10,8,10,5/23/2010,,,
2182,9,10,10,7,5/14/2010,6/1/2010,,
2183,9,9,10,8,6/5/2010,6/8/2010,,
2184,,,10,,4/6/2011,4/6/2011,4/6/2011,
2185,10,,,,5/5/2010,,,
2186,10,,10,,,,,
2187,,,,,10/27/2010,,,
2188,,,10,,6/20/2010,10/9/2010,10/14/2010,10/19/2010
2189,8,9,9,,3/3/2010,4/21/2010,9/19/2010,10/8/2010
2190,,,9,,10/22/2010,11/15/2010,11/30/2010,
2191,10,10,10,8,3/26/2010,,,
2192,5,,,9,5/28/2010,6/2/2010,,
2193,7,,,,11/14/2010,,,
2194,10,,,,6/3/2010,10/18/2010,,
2195,8,,,,6/7/2011,,,
2196,10,,,,5/10/2010,6/6/2010,,
2197,10,,10,,5/12/2010,,,
2198,10,,,,10/6/2010,,,
2199,10,,10,,11/4/2010,,,
2200,10,9,7,10,5/18/2010,6/1/2010,3/2/2011,
2201,8,8,4,8,5/22/2010,9/29/2010,,
2202,10,9,6,8,6/2/2010,6/2/2010,10/6/2010,10/13/2010
2203,9,,,10,5/19/2010,3/8/2011,,
2204,10,8,9,10,9/28/2010,,,
2205,10,10,10,10,4/21/2010,4/6/2010,5/9/2010,5/31/2010
2206,8,10,10,10,4/30/2010,5/18/2010,6/1/2010,
2207,,,,10,4/5/2010,5/3/2010,5/23/2010,5/27/2010
2208,10,10,10,10,9/28/2010,11/20/2010,1/25/2011,
2209,9,8,,9,4/20/2010,4/20/2010,4/20/2010,4/24/2010
2210,7,,10,,5/11/2010,5/30/2010,7/27/2010,
2211,,,,,5/24/2010,6/1/2010,,
2212,,,10,6,9/27/2010,,,
2213,,10,,,10/6/2010,,,
2214,8,9,,10,5/30/2010,10/29/2010,11/10/2010,
2215,7,,,,5/27/2010,,,
2216,10,,,,3/8/2010,3/13/2010,5/12/2011,
2217,10,10,,8,8/26/2010,10/15/2010,,
2218,10,10,10,10,5/24/2010,10/1/2010,10/15/2010,
2219,10,,,,5/25/2010,,,
2220,10,,,,12/10/2009,12/14/2009,2/8/2010,
2221,,,,,6/9/2010,,,
2222,,,10,,10/17/2010,,,
2223,8,,,,10/4/2010,,,
2224,10,10,,,10/14/2010,10/18/2010,,
2225,,,,,10/1/2010,10/9/2010,,
2226,,9,,,9/24/2010,9/29/2010,10/13/2010,12/6/2010
2227,,,,,10/24/2010,,,
2228,8,8,,3,5/27/2010,5/31/2010,6/1/2010,6/8/2010
2229,,,10,,3/1/2010,3/11/2010,3/15/2010,4/12/2010
2230,5,8,7,9,10/23/2010,11/30/2010,,
2231,10,,9,10,5/10/2010,5/10/2010,5/3/2010,
2232,,,,,10/10/2010,10/18/2010,,
2233,10,10,10,10,5/27/2010,10/19/2010,12/6/2010,
2234,9,9,8,7,4/26/2010,5/26/2010,11/1/2010,
2235,8,7,9,10,6/8/2010,9/29/2010,,
2236,10,10,,10,7/1/2010,10/15/2010,11/16/2010,
2237,,,,,12/13/2010,12/15/2010,12/15/2010,
2238,8,,9,,11/9/2010,11/19/2010,,
2239,,,,,4/20/2010,,,
2240,9,,,10,4/26/2010,11/7/2010,,
2241,8,,,,11/30/2010,12/5/2010,,
2242,10,9,9,10,5/28/2010,6/1/2010,,
2243,10,10,10,10,5/27/2010,6/1/2010,8/20/2010,
2244,10,,,,5/3/2010,,,
2245,9,,,,,,,
2246,9,,,,11/1/2010,12/1/2010,,
2247,10,,,,12/6/2010,12/8/2010,,
2248,10,,5,,5/31/2010,,,
2249,10,10,10,10,5/17/2010,5/20/2010,6/1/2010,
2250,9,,10,,4/11/2010,4/17/2010,5/9/2010,5/26/2010
2251,10,,,,6/16/2010,10/16/2010,10/23/2010,
2252,8,,8,9,4/13/2010,4/19/2010,,
2253,,,10,,,,,
2254,,,,,4/12/2010,4/21/2010,,
2255,,10,,,5/26/2010,5/27/2010,,
2256,10,,10,,6/1/2010,,,
2257,10,,9,,4/20/2010,5/10/2010,5/14/2010,5/31/2010
2258,,10,8,6,6/1/2010,9/30/2010,,
2259,9,,,,5/25/2010,5/31/2010,,
2260,,,,,3/16/2010,4/19/2011,,
2261,,,,,9/28/2010,10/27/2010,,
2262,,,,,9/22/2010,9/22/2010,10/8/2010,
2263,9,,,,11/20/2010,11/26/2010,,
2264,,10,9,10,7/14/2010,10/15/2010,,
2265,10,10,9,,6/21/2010,10/23/2010,,
2266,,,,,4/29/2010,5/7/2010,5/12/2010,5/15/2010
2267,10,,,,3/11/2011,3/11/2011,3/15/2011,
2268,9,9,,,5/27/2010,6/18/2010,10/23/2010,
2269,,,10,8,5/25/2010,5/31/2010,9/28/2010,
2270,10,,,,5/24/2010,5/26/2010,5/29/2010,
2271,9,,8,,3/19/2010,4/16/2010,5/26/2010,6/7/2010
2272,10,,,,11/30/2010,,,
2273,10,10,10,10,1/31/2011,,,
2274,10,,9,,5/25/2010,5/28/2010,,
2275,10,,,10,5/12/2010,6/9/2010,,
2276,10,,,,9/16/2010,9/30/2010,,
2277,9,9,9,9,6/2/2010,6/2/2010,,
2278,10,,9,,10/15/2010,,,
2279,10,,,,9/27/2010,,,
2280,10,,,,10/1/2010,10/4/2010,,
2281,,,,,5/28/2010,,,
2282,10,,10,,3/10/2010,3/11/2010,3/11/2010,
2283,10,,,,9/24/2010,10/15/2010,,
2284,,10,10,,6/1/2010,11/7/2010,,
2285,10,10,,10,10/28/2010,11/12/2010,,
2286,10,,,,11/28/2010,12/3/2010,12/8/2010,
2287,,,,,10/25/2010,,,
2288,8,,,,10/8/2010,,,
2289,10,,,,11/15/2010,,,
2290,10,,,,11/9/2010,,,
2291,,,,,11/15/2010,,,
2292,10,10,10,10,6/2/2010,10/6/2010,12/3/2010,
2293,10,,9,,4/13/2010,4/13/2010,4/13/2010,4/17/2010
2294,,,,,5/29/2010,,,
2295,10,,,,4/12/2010,5/31/2010,11/4/2010,
2296,9,,,,10/24/2010,,,
2297,8,,,,5/24/2010,6/12/2010,,
2298,9,,,,5/21/2010,,,
2299,,9,,,11/18/2010,,,
2300,,,,,6/8/2010,10/27/2010,,
2301,,,,,4/5/2010,10/4/2010,,
2302,8,,,,10/29/2010,,,
2303,8,,,,11/4/2010,,,
2304,,10,,,10/12/2010,1/7/2011,,
2305,10,,,,12/5/2010,12/13/2010,12/15/2010,1/15/2011
2306,,10,,,4/26/2010,4/27/2010,4/27/2010,
2307,,,,,6/1/2010,,,
2308,9,,,,4/27/2010,5/10/2010,,
2309,10,,,,10/13/2010,10/28/2010,,
2310,7,,,,6/8/2010,10/5/2010,,
2311,10,9,,9,5/4/2010,9/27/2010,,
2312,10,,,,5/21/2010,4/14/2011,,
2313,8,,,,6/9/2010,6/9/2010,,
2314,10,10,10,10,10/1/2010,,,
2315,10,,10,,12/1/2010,,,
2316,10,,,10,10/13/2010,2/17/2011,,
2317,,10,,10,,,,
2318,10,10,10,10,5/7/2010,,,
2319,,9,,10,6/16/2011,,,
2320,,,,10,9/30/2010,10/19/2010,2/10/2011,
2321,10,,10,,5/19/2010,5/27/2010,5/31/2010,6/1/2010
2322,10,,,,12/23/2010,1/4/2011,1/6/2011,1/8/2011
2323,10,,,,9/25/2010,9/26/2010,9/30/2010,10/17/2010
2324,10,,10,10,5/15/2010,5/28/2010,6/1/2010,
2325,,,10,,5/29/2010,,,
2326,10,,,,5/20/2010,5/25/2010,5/25/2010,
2327,9,,,,6/4/2010,,,
2328,10,,10,,4/30/2010,6/14/2010,,
2329,,,,,5/20/2010,,,
2330,9,,,,3/15/2010,,,
2331,10,,10,,10/19/2010,11/18/2010,,
2332,9,,,,4/27/2010,5/7/2010,,
2333,,,,,10/18/2010,,,
2334,10,,,,5/20/2010,,,
2335,,5,5,,10/20/2010,10/27/2010,11/1/2010,
2336,10,9,,,10/20/2010,11/19/2010,,
2337,6,,,,3/26/2010,4/4/2011,,
2338,9,9,9,7,5/12/2010,5/24/2010,5/28/2010,6/7/2010
2339,8,,,,5/29/2010,6/7/2010,6/8/2010,6/9/2010
2340,8,,,,5/31/2010,6/3/2010,10/29/2010,
2341,10,10,,,9/15/2010,11/14/2010,,
2342,,,,,10/21/2010,10/22/2010,,
2343,10,,9,,7/4/2010,,,
2344,10,,,,3/14/2010,,,
2345,,,,,5/31/2010,,,
2346,10,9,8,,11/1/2010,11/17/2010,,
2347,10,,,8,11/8/2010,11/13/2010,11/18/2010,11/19/2010
2348,10,9,10,9,10/1/2010,10/13/2010,,
2349,9,9,9,9,10/14/2010,10/23/2010,10/30/2010,11/3/2010
2350,10,,,,4/16/2010,4/27/2010,6/2/2011,
2351,10,,,,5/24/2010,6/3/2010,,
2352,10,10,10,,6/8/2010,9/2/2010,9/18/2010,9/30/2010
2353,10,10,9,,10/1/2010,10/13/2010,10/29/2010,
2354,,,,,6/1/2010,6/10/2010,,
2355,10,,7,,10/31/2010,11/9/2010,,
2356,9,,,8,6/7/2010,,,
2357,10,,,,5/31/2010,10/8/2010,,
2358,6,,7,,6/1/2010,10/15/2010,,
2359,9,,,,5/26/2010,6/8/2010,,
2360,10,,10,10,1/31/2011,2/7/2011,6/9/2011,
2361,,,,,10/4/2010,,,
2362,,,,,1/10/2011,,,
2363,10,10,10,10,10/6/2010,10/18/2010,2/16/2011,
2364,,,10,,10/27/2010,11/1/2010,11/9/2010,
2365,8,,,,5/28/2010,6/4/2010,,
2366,10,,10,10,5/15/2010,5/24/2010,5/31/2010,7/1/2010
2367,9,,,,5/13/2010,5/31/2010,6/7/2010,3/14/2011
2368,10,,10,,10/6/2010,,,
2369,10,9,,,10/15/2010,,,
2370,8,,,,6/3/2010,10/21/2010,,
2371,10,9,,,5/23/2010,5/31/2010,,
2372,10,,,,5/25/2010,6/1/2010,,
2373,10,10,10,10,6/2/2010,10/4/2010,10/22/2010,
2374,10,,3,,10/13/2010,,,
2375,9,,,,10/15/2010,,,
2376,10,,10,,11/19/2010,,,
2377,10,,10,,10/16/2010,10/30/2010,11/10/2010,
2378,,,,,5/31/2010,6/1/2010,9/29/2010,10/10/2010
2379,10,10,10,10,10/8/2010,10/19/2010,10/26/2010,
2380,9,10,,9,5/28/2010,,,
2381,10,,,,9/16/2010,9/26/2010,9/30/2010,
2382,7,10,9,,11/16/2010,,,
2383,,,,,11/15/2010,12/1/2010,,
2384,10,,,,8/20/2010,8/21/2010,8/23/2010,
2385,9,10,9,9,12/5/2010,12/13/2010,12/15/2010,4/28/2011
2386,10,10,10,,6/20/2010,10/12/2010,11/9/2010,
2387,10,,,,3/14/2011,3/14/2011,3/15/2011,
2389,10,9,8,,9/26/2010,10/4/2010,10/8/2010,
2388,5,,,,9/27/2010,12/17/2010,,
